Workbook
Name BIMABD: 'Monitoring BIM April 2026'!$R$8:$R$116
Name BIMBAFlushing: 'Monitoring BIM April 2026'!$AP$8:$AP$116
Name BIMBAHydro: 'Monitoring BIM April 2026'!$AN$8:$AN$116
Name BIMBAPL: 'Monitoring BIM April 2026'!$AJ$8:$AJ$116
Name BIMBASinggem: 'Monitoring BIM April 2026'!$AR$8:$AR$116
Name BIMBATC: 'Monitoring BIM April 2026'!$AD$8:$AD$116
Name BIMBATestPit: 'Monitoring BIM April 2026'!$AX$8:$AX$116
Name BIMBATF: 'Monitoring BIM April 2026'!$AL$8:$AL$116
Name BIMDPPK: 'Monitoring BIM April 2026'!$N$8:$N$116
Name BIMDPPP: 'Monitoring BIM April 2026'!$BM$8:$BM$116
Name BIMJustek: 'Monitoring BIM April 2026'!$AT$8:$AT$116
Name BIMJustfin: 'Monitoring BIM April 2026'!$AV$8:$AV$116
Name BIMLHLMLB: 'Monitoring BIM April 2026'!$BF$8:$BF$116
Name BIMMC0: 'Monitoring BIM April 2026'!$AF$8:$AF$116
Name BIMMC100: 'Monitoring BIM April 2026'!$AH$8:$AH$116
Name BIMPelatihan: 'Monitoring BIM April 2026'!$T$8:$T$116
Name BIMPerizinan: 'Monitoring BIM April 2026'!$V$8:$V$116
Name BIMPKPI: 'Monitoring BIM April 2026'!$P$8:$P$116
Name BIMPropMod: 'Monitoring BIM April 2026'!$BH$8:$BH$116
Name BIMRAB: 'Monitoring BIM April 2026'!$Z$8:$Z$116
Name BIMRDA: 'Monitoring BIM April 2026'!$X$8:$X$116
Name BIMRNA: 'Monitoring BIM April 2026'!$AB$8:$AB$116
Name BIMStatusProyek: 'Monitoring BIM April 2026'!$I$8:$I$116
Name BIMUjiLab: 'Monitoring BIM April 2026'!$AZ$8:$AZ$116
Name BIMUjiLogger: 'Monitoring BIM April 2026'!$BB$8:$BB$116
Name BIMUmum: 'Monitoring BIM April 2026'!$BD$8:$BD$116
Name Kategori: #REF!
Name KomitmenABD: #REF!
Name KomitmenBAFlush: #REF!
Name KomitmenBAHydro: #REF!
Name KomitmenBAMC0: #REF!
Name KomitmenBAMC100: #REF!
Name KomitmenBAPL: #REF!
Name KomitmenBASinggem: #REF!
Name KomitmenBATC: #REF!
Name KomitmenBATestpit: #REF!
Name KomitmenBATF: #REF!
Name KomitmenDataLogger: #REF!
Name KomitmenDPPK: #REF!
Name KomitmenJusfin: #REF!
Name KomitmenJustek: #REF!
Name KomitmenLHLMLB: #REF!
Name KomitmenPelatihan: #REF!
Name KomitmenPerizinan: #REF!
Name KomitmenPKPI: #REF!
Name KomitmenPropmod: #REF!
Name KomitmenRAB: #REF!
Name KomitmenRDA: #REF!
Name KomitmenRNA: #REF!
Name KomitmenSubmitDP3: #REF!
Name KomitmenUjiLab: #REF!
Name KomitmenUmumK3: #REF!
Name PICABD: #REF!
Name PICBAFlush: #REF!
Name PICBAHydro: #REF!
Name PICBAMC0: #REF!
Name PICBAMC100: #REF!
Name PICBAPL: #REF!
Name PICBASinggem: #REF!
Name PICBATC: #REF!

Sheet Database MK
Y1: PC 070 KELURAHAN CAKUNG TIMUR, ROROTAN, UJUNG MENTENG KECAMATAN CAKUNG, CILINCING | AA1: =17+64 -> 81 | AC1: a | AN1: "Volume BA MC-0" | AO1: Volume BA MC-0 SUM -> | BH1: S.14 Progres : 20.762 m S.17 Progres : 4.857 m | BJ1: Total Panjang Pipa Aktual (Sum->)3 | BM1: =678-218 -> 460 | BS1: =18591-17446 -> 1145 | DO1: A
D2: DATABASE PROJECT GREENFIELD | W2: =W3/N3 -> 0.44879171 | BJ2: 60.5 | CP2: Cut Off | CU2: UPDATE 21/06/26 | CX2: UPDATE 21/06/26
D3: =SUBTOTAL(3,D5:D468) -> 464 | N3: =SUBTOTAL(9,N5:N468) -> 1785705 | R3: =SUBTOTAL(101,R5:R509) -> #N/A | S3: =SUBTOTAL(101,S5:S509) -> 0.94650021 | T3: =SUBTOTAL(101,T5:T509) -> 0.61404132 | U3: =SUBTOTAL(101,U5:U509) -> -0.3026509 | V3: =SUBTOTAL(9,V5:V509) -> 1247361.2 | W3: =SUBTOTAL(9,W5:W509) -> 801409.6 | X3: =SUBTOTAL(9,W5:W468) -> 801409.6 | Z3: =SUBTOTAL(9,Z5:Z440) -> 6.2117545e+12 | AA3: =SUBTOTAL(9,AA5:AA440) -> 5130059273839 | AB3: =SUBTOTAL(9,AB5:AB440) -> 2.1482914e+12 | AC3: =SUBTOTAL(9,AC5:AC440) -> 1.1114721e+11 | AD3: =SUBTOTAL(9,AD5:AD440) -> 1.383127e+12 | AE3: =SUBTOTAL(9,AE5:AE440) -> 6.4335666e+11 | AF3: =SUBTOTAL(9,AF5:AF440) -> 1.066056e+10 | AN3: =SUBTOTAL(9,AN5:AN468) -> 1050956.2 | AO3: =SUBTOTAL(9,AO5:AO468) -> 891629.36 | BJ3: =SUBTOTAL(9,BJ5:BJ468) -> 801409.6 | BK3: =SUBTOTAL(9,BK5:BK468) -> 354606.06 | BL3: =SUBTOTAL(9,BL5:BL344) -> 204036.1 | BM3: =SUBTOTAL(9,BM5:BM344) -> 87278 | BN3: =SUBTOTAL(9,BN5:BN344) -> 48867 | BO3: =SUBTOTAL(9,BO5:BO344) -> 18487.6 | BP3: =SUBTOTAL(9,BP5:BP344) -> 7344.4 | BQ3: =SUBTOTAL(9,BQ5:BQ344) -> 13998.3 | BR3: =SUBTOTAL(9,BR5:BR344) -> 52 | BS3: =SUBTOTAL(9,BS5:BS344) -> 8097.83 | ... CI3: =SUBTOTAL(9,CI5:CI344) -> 110201.8 | CJ3: =SUBTOTAL(9,CJ5:CJ468) -> 168796.08 | CP3: 46033 | CU3: =SUBTOTAL(9,CU5:CU468) -> 3.8924885e+12 | CV3: =SUBTOTAL(9,CV5:CV468) -> 3.8924885e+12 | CW3: =SUBTOTAL(9,CW5:CW468) -> 2.7595152e+12 | CX3: =SUBTOTAL(9,CX5:CX468) -> 2.7595152e+12 | DC3: =SUBTOTAL(3,DC5:DC468) -> 319 | DD3: =SUBTOTAL(9,DD5:DD468) -> 5.9708523e+12 | DG3: =SUBTOTAL(3,DG5:DG468) -> 316 | DH3: =SUBTOTAL(9,DH5:DH468) -> 5.9373923e+12 | DM3: =SUBTOTAL(3,DM345:DM439) -> 92 | DN3: =SUBTOTAL(3,DN345:DN439) -> 95 | DO3: =SUBTOTAL(3,DO345:DO439) -> 92 | DP3: =SUBTOTAL(3,DP345:DP439) -> 38 | DR3: =SUBTOTAL(3,DR345:DR439) -> 95 | DX3: =SUBTOTAL(3,DX5:DX468) -> 309 | DY3: =SUBTOTAL(9,DY5:DY468) -> 11162 | DZ3: =SUBTOTAL(9,DZ5:DZ468) -> 11145 | EA3: =SUBTOTAL(3,EA345:EA439) -> 95 | EC3: =SUBTOTAL(9,EC5:EC468) -> 10437 | ED3: =SUBTOTAL(9,ED5:ED468) -> 10437 | EF3: =SUBTOTAL(101,EF5:EF468) -> 0.97352646 | EG3: =SUBTOTAL(101,EG5:EG468) -> 0.97352646 | EO3: =SUBTOTAL(9,EO5:EO468) -> 7318 | EP3: =SUBTOTAL(9,EP5:EP468) -> 7318 | EQ3: =SUBTOTAL(101,EQ5:EQ468) -> 0.8462814 | ER3: =SUBTOTAL(101,ER5:ER468) -> 0.8462814 | FP3: =SUBTOTAL(3,FP5:FP468) -> 33 | FQ3: =SUBTOTAL(3,FQ5:FQ468) -> 3 | FR3: =SUBTOTAL(3,FR5:FR468) -> 13 | FZ3: =SUBTOTAL(3,FZ5:FZ468) -> 158 | GC3: =SUBTOTAL(3,GC5:GC468) -> 421 | GF3: =SUBTOTAL(3,GF5:GF468) -> 423 | GJ3: =SUBTOTAL(3,GJ5:GJ468) -> 424 | GP3: *Pemasangan Pipa | GT3: =SUBTOTAL(3,GT5:GT468) -> 271 | GX3: =SUBTOTAL(3,GX5:GX468) -> 206 | HB3: =SUBTOTAL(3,HB5:HB468) -> 241 | HG3: =SUBTOTAL(3,HG5:HG468) -> 248 | HK3: =SUBTOTAL(3,HK5:HK468) -> 0 | HP3: =SUBTOTAL(3,HP5:HP468) -> 11 | HQ3: =SUBTOTAL(3,HQ5:HQ468) -> 233 | HW3: =SUBTOTAL(3,HW5:HW468) -> 233
B4: No | C4: No urut | D4: Proyek | E4: Kode Program | F4: Nama Program | G4: Jadwal TOK | H4: Schedule | I4: Sub-Proyek | J4: Status TOK | K4: Nama PM | L4: Kategori Pekerjaan | M4: Directorat | N4: Volume (m) | O4: Satuan | P4: Status Target | Q4: Status Aktual | R4: Column5 | S4: Target Progres (%) | T4: Progres Aktual (%) | U4: Deviasi (%) | V4: Volume BA MC-0 | W4: Total Panjang Pipa Aktual | X4: Lokasi, RAB dan Bobot | Y4: Lokasi | Z4: Nilai RAB Jaringan (file pa aji) | AA4: Kontrol Nilai RAB Jaringan (Include Ppn) | AB4: Nilai RAB Jaringan (Exclude Ppn) | AC4: RAB Kegiatan Umum | AD4: RAB Pemasangan | AE4: RAB Pengadaan | AF4: RAB Perizinan | AG4: Nilai RAB IOT | AH4: Total Bobot | AI4: Bobot Keg Umum | AJ4: Bobot Pemasangan | AK4: Bobot Pengadaan | AL4: Bobot Perizinan | AM4: Aktual Pipa Terpasang | AN4: "Volume BA MC-0" | AO4: Volume BA MC-0 SUM -> | AP4: Pipa 63 mm | AQ4: Pipa 90 mm | AR4: Pipa 110 mm | AS4: Pipa 160 mm | AT4: Pipa 200 mm | AU4: Pipa 250 mm | AV4: Pipa 315 mm | AW4: Pipa 350 mm | AX4: Pipa 400 mm | AY4: Pipa 500 mm | AZ4: Pipa 630 mm | BA4: Pipa 700 mm | BB4: Pipa 800 mm | BC4: Pipa 900 mm | BD4: Pipa 1,000 mm | BE4: Pipa 1,200 mm | BF4: Pipa 1,400 mm | BG4: Pipa 1,500 mm | BH4: Pipa 1,600 mm | BI4: Pipa 1,800 mm | BJ4: Total Panjang Pipa Aktual (Sum->)3 | BK4: Pipa 63 mm2 | BL4: Pipa 90 mm3 | BM4: Pipa 110 mm4 | BN4: Pipa 160 mm5 | BO4: Pipa 200 mm6 | BP4: Pipa 250 mm7 | BQ4: Pipa 315 mm8 | BR4: Pipa 350 mm9 | BS4: Pipa 400 mm10 | BT4: Pipa 500 mm11 | BU4: Pipa 630 mm12 | BV4: Pipa 700 mm13 | BW4: Pipa 800 mm14 | BX4: Pipa 900 mm15 | BY4: Pipa 1,000 mm16 | BZ4: Pipa 1,200 mm17 | CA4: Pipa 1,400 mm18 | CB4: Pipa 1,500 mm19 | CC4: Pipa 1,600 mm20 | CD4: Pipa 1,800 mm21 | CE4: Volume Penolakan Warga | CF4: Volume Private Area | CG4: Volume Sudah ada eksisting | CH4: Volume Tidak sesuai DED | CI4: Total Volume tidak dapat dipasang | CJ4: Volume Sisa Pekerjaan | CK4: Progres dan VOWD - RNA | CL4: Progres Keg. Umum (%) | CM4: Progres MOS (%) | CN4: Progres Pemasangan (%) | CO4: Progres Perizinan (%) | CP4: Progres Total Aktual (%) | CQ4: VOWD Keg. Umum (Rp) | CR4: VOWD Pengadaan (Rp) | CS4: VOWD Pemasangan (Rp) | CT4: VOWD Perizinan (Rp) | CU4: VOWD (kolom bantu) | CV4: VOWD Total (Rp) | CW4: Nilai RNA Update | CX4: Kolom Bantu RNA Update | CY4: PR-PO-MOS | CZ4: PLAN PR-PO ABJ start | DA4: PLAN PR-PO ABJ finish | DB4: PR Aktual (tanggal) | DC4: No PR | DD4: Nilai PR + Perizinan (Rp) | DE4: Review PR ABJ | DF4: PO Aktual (tanggal) | DG4: No PO | DH4: Nilai PO ABJ (Rp) | DI4: Review PO ABJ | DJ4: PLAN PR-PO BPM Jasa start | DK4: PLAN PR-PO BPM Jasa finish | DL4: PR Jasa Aktual (tanggal) | DM4: No PR Jasa | DN4: Review PR Jasa BPM | DO4: PO Jasa Aktual (tanggal) | DP4: No PO Jasa | DQ4: Nama Vendor | DR4: Review PO Jasa BPM | DS4: PLAN PR-PO BPM Material start | DT4: Forecast PO Start | DU4: PLAN PR-PO BPM Material finish | DV4: Forecast PO Finish | DW4: PR Material Aktual (tanggal) | DX4: No PR Material | DY4: Line PR | DZ4: Line PR (kolom bantu) | EA4: Review PR Material BPM | EB4: Tanggal Selesai PO Material | EC4: Line PO | ED4: Line PO (kolom bantu)2 | EE4: NO PO Material | EF4: PO Material Aktual (%) | EG4: UPDATE PO (kolom bantu) | EH4: Review PO Material BPM | EI4: Review PO Material | EJ4: PLAN MOS start | EK4: Forecast MOS Start | EL4: PLAN MOS finish | EM4: Forecast MOS Finish | EN4: Tanggal Selesai MOS | EO4: Line MOS | EP4: Line MOS (kolom bantu) | EQ4: Progres MOS | ER4: UPDATE MOS (kolom bantu) | ES4: Status MOS | ET4: Review MOS | EU4: PERMIT | EV4: PLAN PERMIT start | EW4: Forecast Perizinan Start | EX4: PLAN PERMIT finish | EY4: Forecast Perizinan Finish | EZ4: IPPJU | FA4: IPPJU2 | FB4: Persiapan Dokumen | FC4: Upload Jakevo | FD4: Gambar Rekomtek | FE4: Upload DBM | FF4: Survey IPPJU | FG4: Revisi Gambar Rekomtek | FH4: Proses Rekomtek | FI4: Rekomtek Terbit | FJ4: Proses Penerbitan Izin | FK4: Izin Terbit | FL4: Column2 | FM4: Tanggal Pengajuan Dokumen | FN4: Column4 | FO4: Tanggal Terbit/ Target Izin Terbit | FP4: Crossing Sungai | FQ4: Crossing Kereta | FR4: Crossing Toll | FS4: Status Perizinan | FT4: Status Izin | FU4: Remaining7 | FV4: Review14 | FW4: Remain7 | FX4: PLAN vs ACT | FY4: PLAN Penyerahan DPPK | FZ4: Aktual DPPK | GA4: Review | GB4: PLAN PCM | GC4: Tanggal Aktual PCM | GD4: Review PCM | GE4: PLAN Kick Off | GF4: Tanggal Aktual Kick Off | GG4: Review Kick Off | GH4: PLAN MC-0 start | GI4: PLAN MC-0 finish | GJ4: Tanggal Aktual MC-0 | GK4: Review MC-0 | GL4: PLAN KONSTRUKSI start | GM4: Forecast Konstruksi Start | GN4: PLAN KONSTRUKSI finish | GO4: Forecast Konstruksi Finish (s.d. Flushing) | GP4: Aktual Selesai Konstruksi* (tanggal) | GQ4: Review Konstruksi | GR4: PLAN Hydro Tes start | GS4: PLAN Hydro Tes finish | GT4: Hydro Tes Actual (tanggal) | GU4: Status Hydro | GV4: PLAN Interkoneksi start | GW4: PLAN Interkoneksi finish | GX4: Interkoneksi Actual (tanggal) | GY4: Status Interkoneksi | GZ4: PLAN Flushing start | HA4: PLAN Flushing finish | HB4: Flushing Actual (tanggal) | HC4: Status Flushing | HD4: PLAN TC start | HE4: Forecast TC dan MC-100 Start | HF4: PLAN TC finish | HG4: TC Aktual (tanggal) | HH4: Status TC | HI4: PLAN Reinstatement start | HJ4: PLAN Reinstatement finish | HK4: Reinstatement Aktual (tanggal) | HL4: Status Reinstatement | HM4: PLAN MC-100 start | HN4: PLAN MC-100 finish | HO4: Forecast MC-100 Finish | HP4: MC-100 (Pengukuran Lapangan) | HQ4: BA MC-100 Aktual (Verifikasi) | HR4: Review MC-100 | HS4: PLAN DPPP start | HT4: Forecast DPPP Start | HU4: PLAN DPPP finish | HV4: Forecast DPPP Finish | HW4: Aktual Submit DPPP (tanggal) | HX4: Review DPPP | HY4: Issue dan Forecast | HZ4: Isu | IA4: Isu2 | IC4: Durasi Kontrak (Month)
B5: =SUBTOTAL(3,$D$5:D5) -> 1 | C5: 1 | D5: SPAM Jatiluhur Hilir | E5: NPP23JTA A2.2.1a | F5: A2 - BKT DN1500 (Segmen 1.a BKT - Pondok Kopi) | G5: 45752 | H5: MS | I5: Trunk Main | K5: Muhrojin | L5: Pipa | M5: PMO 2 | N5: 877 | O5: m | P5: =IF(NOW()>Table1[[#This Row],[PLAN MC-100 start]],"Selesai Fisik dan Dokumen",IF(AND(Table1[[#This Row],[PLAN MC-100 start]]<=NOW(),NOW()<=Table1[[#This Row],[PLAN MC-100 finish]]),"MC-100",IF(AND(Table1[[#This Row],[PLAN TC start]]<=NOW(),NOW()<=Table1[[#This Row],[PLAN TC finish]]),"Tes Com",IF(AND(Table1[[#This Row],[PLAN KONSTRUKSI start]]<=NOW(),NOW()<=Table1[[#This Row],[PLAN KONSTRUKSI finish]]),"Proses Konstruksi",IF(AND(Table1[[#This Row],[PLAN MOS start]]<=NOW(),NOW()<=Table1[[#This Row],[PLAN MOS finish]]),"Proses MOS",IF(AND(Table1[[#This Row],[PLAN MC-0 start]]<=NOW(),NOW()<=Table1[[#This Row],[PLAN MC-0 finish]]),"MC-0",IF(AND(Table1[[#This Row],[PLAN PR-PO BPM Jasa start]]<=NOW(),NOW()<=Table1[[#This Row],[PLAN PR-PO BPM Material finish]]),"PR-PO BPM",IF(AND(Table1[[#This Row],[PLAN PR-PO ABJ start]]<=NOW(),NOW()<=Table1[[#This Row],[PLAN PR-PO ABJ finish]]),"PR-PO ABJ",IF(NOW()<Table1[[#This Row],[PLAN PR-PO ABJ finish]],"Persiapan",""))))))))) -> Selesai Fisik dan Dokumen | Q5: =IF(LEFT(Table1[[#This Row],[Review DPPP]],5)="Sudah","DPPP",IF(LEFT(Table1[[#This Row],[Review MC-100]],5)="Sudah","MC-100",IF(LEFT(Table1[[#This Row],[Status TC]],5)="Sudah","Tes Com",IF(Table1[[#This Row],[Status Flushing]]="Sudah","Flushing",IF(Table1[[#This Row],[Total Panjang Pipa Aktual (Sum->)3]]>0,"Proses Konstruksi",IF(LEFT(Table1[[#This Row],[Review MC-0]],5)="Sudah","MC-0",IF(LEFT(Table1[[#This Row],[Review Kick Off]],5)="Sudah","Kick Off Meeting",IF(LEFT(Table1[[#This Row],[Review PCM]],5)="Sudah","PCM",IF(LEFT(Table1[[#This Row],[Status MOS]],10)="Proses MOS","Proses MOS",IF(LEFT(Table1[[#This Row],[Review PO Jasa BPM]],5)="Sudah","PO Jasa BPM",IF(LEFT(Table1[[#This Row],[Review PR Jasa BPM]],5)="Sudah","PR Jasa BPM",IF(LEFT(Table1[[#This Row],[Review PO Material BPM]],5)="Sudah","PO Material BPM",IF(LEFT(Table1[[#This Row],[Review PR Material BPM]],5)="Sudah","PR Material BPM",IF(LEFT(Table1[[#This Row],[Review PO ABJ]],5)="Sudah","PO ABJ",IF(LEFT(Table1[[#This Row],[Review PR ABJ]],5)="Sudah","PR ABJ","Persiapan"))))))))))))))) -> DPPP | R5: #N/A | S5: 1 | T5: =Table1[[#This Row],[Progres Total Aktual (%)]] -> 1 | U5: =Table1[[#This Row],[Progres Aktual (%)]]-Table1[[#This Row],[Target Progres (%)]] -> 0 | V5: =Table1[[#This Row],["Volume BA MC-0"]] -> 0 | W5: =Table1[[#This Row],[Total Panjang Pipa Aktual (Sum->)3]] -> 852.5 | Y5: Jl. Basuki Rahmat, Bypass | Z5: 55647427855 | AA5: =ROUND((Table1[[#This Row],[Nilai RAB Jaringan (Exclude Ppn)]]-Table1[[#This Row],[RAB Perizinan]])*1.11+Table1[[#This Row],[RAB Perizinan]],0) -> 0 | AB5: =SUM(Table1[[#This Row],[RAB Kegiatan Umum]:[RAB Perizinan]]) -> 0 | AG5: 0 | AH5: =SUM(Table1[[#This Row],[Bobot Keg Umum]:[Bobot Perizinan]]) -> #DIV/0! | AI5: =Table1[[#This Row],[RAB Kegiatan Umum]]/Table1[[#This Row],[Nilai RAB Jaringan (Exclude Ppn)]] -> #DIV/0! | AJ5: =Table1[[#This Row],[RAB Pemasangan]]/Table1[[#This Row],[Nilai RAB Jaringan (Exclude Ppn)]] -> #DIV/0! | AK5: =Table1[[#This Row],[RAB Pengadaan]]/Table1[[#This Row],[Nilai RAB Jaringan (Exclude Ppn)]] -> #DIV/0! | AL5: =Table1[[#This Row],[RAB Perizinan]]/Table1[[#This Row],[Nilai RAB Jaringan (Exclude Ppn)]] -> #DIV/0! | AO5: =SUM(Table1[[#This Row],[Pipa 63 mm]:[Pipa 1,800 mm]]) -> 0 | BJ5: =SUM(Table1[[#This Row],[Pipa 63 mm2]:[Pipa 1,800 mm21]]) -> 852.5 | CB5: =522.5+267.6+62.4 -> 852.5 | CE5: 0 | CI5: =SUM(CE5:CH5) -> 0 | CJ5: =IF((Table1[[#This Row],["Volume BA MC-0"]]-Table1[[#This Row],[Total Panjang Pipa Aktual (Sum->)3]]-Table1[[#This Row],[Total Volume tidak dapat dipasang]])>=0,Table1[[#This Row],["Volume BA MC-0"]]-Table1[[#This Row],[Total Panjang Pipa Aktual (Sum->)3]]-Table1[[#This Row],[Total Volume tidak dapat dipasang]],0) -> 0 | CP5: =IFERROR(IF(Table1[[#This Row],[Nilai RNA Update]]>0,Table1[[#This Row],[Nilai RNA Update]]/Table1[[#This Row],[Nilai RNA Update]],IF(Table1[[#This Row],[VOWD Total (Rp)]]=0,IF(LEFT(Table1[[#This Row],[Review PO Material BPM]],5)="Sudah",Table1[[#This Row],[Progres MOS]]*80%*Table1[[#This Row],[Bobot Pengadaan]],Table1[[#This Row],[Progres MOS]]*60%*Table1[[#This Row],[Bobot Pengadaan]]),Table1[[#This Row],[VOWD Total (Rp)]]/Table1[[#This Row],[Kontrol Nilai RAB Jaringan (Include Ppn)]])),0) -> 1 | CQ5: =IFERROR(Table1[[#This Row],[Progres Keg. Umum (%)]]*Table1[[#This Row],[Nilai RAB Jaringan (file pa aji)]],0) -> 0 | CR5: =IFERROR(Table1[[#This Row],[Progres MOS (%)]]*Table1[[#This Row],[Nilai RAB Jaringan (file pa aji)]],0) -> 0 | CS5: =IFERROR(Table1[[#This Row],[Progres Pemasangan (%)]]*Table1[[#This Row],[Nilai RAB Jaringan (file pa aji)]],0) -> 0 | CT5: =IFERROR(Table1[[#This Row],[Progres Perizinan (%)]]*Table1[[#This Row],[Nilai RAB Jaringan (file pa aji)]],0) -> 0 | CU5: 49593687220 | CV5: 49593687220 | CW5: 49593687220 | CX5: =_xlfn.XLOOKUP(Table1[[#This Row],[Kode Program]],'[1]Breakdown VOWD Greenfield'!$E:$E,'[1]Breakdown VOWD Greenfield'!$AT:$AT) -> 49593687220 | CZ5: 45194 | DA5: 45228 | DB5: 45210 | DC5: AJC/2023/11/Q800/362 | DD5: 537590677279 | DE5: =IF(AND(Table1[[#This Row],[PR Aktual (tanggal)]]="",Table1[[#This Row],[PLAN PR-PO ABJ finish]]>=NOW()),"Belum, OnSchedule",IF(AND(Table1[[#This Row],[PR Aktual (tanggal)]]="",Table1[[#This Row],[PLAN PR-PO ABJ finish]]<NOW()),"Belum, Delay",IF(AND(Table1[[#This Row],[PR Aktual (tanggal)]]<>"",Table1[[#This Row],[PR Aktual (tanggal)]]<=Table1[[#This Row],[PLAN PR-PO ABJ finish]]),"Sudah, OnSchedule",IF(AND(Table1[[#This Row],[PR Aktual (tanggal)]]<>"",Table1[[#This Row],[PR Aktual (tanggal)]]>Table1[[#This Row],[PLAN PR-PO ABJ finish]]),"Sudah, Delay")))) -> Sudah, OnSchedule | DF5: 45250 | DG5: AJCPOV-2300148 | DH5: 537590677279 | DI5: =IF(AND(Table1[[#This Row],[PO Aktual (tanggal)]]="",Table1[[#This Row],[PLAN PR-PO ABJ finish]]>NOW()),"Belum, OnSchedule",IF(AND(Table1[[#This Row],[PO Aktual (tanggal)]]="",Table1[[#This Row],[PLAN PR-PO ABJ finish]]<NOW()),"Belum, Delay",IF(AND(Table1[[#This Row],[PO Aktual (tanggal)]]<>"",Table1[[#This Row],[PO Aktual (tanggal)]]<Table1[[#This Row],[PLAN PR-PO ABJ finish]]),"Sudah, OnSchedule",IF(AND(Table1[[#This Row],[PO Aktual (tanggal)]]<>"",Table1[[#This Row],[PO Aktual (tanggal)]]>Table1[[#This Row],[PLAN PR-PO ABJ finish]]),"Sudah, Delay")))) -> Sudah, Delay | DJ5: 45229 | DK5: 45445 | DL5: 45520 | DM5: PR-UN/BPM/JTLBarat/2412/0366 | DN5: =IF(AND(Table1[[#This Row],[PR Jasa Aktual (tanggal)]]="",Table1[[#This Row],[PLAN PR-PO BPM Jasa finish]]>NOW()),"Belum, OnSchedule",IF(AND(Table1[[#This Row],[PR Jasa Aktual (tanggal)]]="",Table1[[#This Row],[PLAN PR-PO BPM Jasa finish]]<NOW()),"Belum, Delay",IF(AND(Table1[[#This Row],[PR Jasa Aktual (tanggal)]]<>"",Table1[[#This Row],[PR Jasa Aktual (tanggal)]]<=Table1[[#This Row],[PLAN PR-PO BPM Jasa finish]]),"Sudah, OnSchedule",IF(AND(Table1[[#This Row],[PR Jasa Aktual (tanggal)]]<>"",Table1[[#This Row],[PR Jasa Aktual (tanggal)]]>Table1[[#This Row],[PLAN PR-PO BPM Jasa finish]]),"Sudah, Delay")))) -> Sudah, Delay | DO5: 45657 | DP5: BPMPO-2405299 | DQ5: PT. KMU Konstruksi Indonesia | DR5: =IF(AND(Table1[[#This Row],[PO Jasa Aktual (tanggal)]]="",Table1[[#This Row],[PLAN PR-PO BPM Jasa finish]]>NOW()),"Belum, OnSchedule",IF(AND(Table1[[#This Row],[PO Jasa Aktual (tanggal)]]="",Table1[[#This Row],[PLAN PR-PO BPM Jasa finish]]<NOW()),"Belum, Delay",IF(AND(Table1[[#This Row],[PO Jasa Aktual (tanggal)]]<>"",Table1[[#This Row],[PO Jasa Aktual (tanggal)]]<Table1[[#This Row],[PLAN PR-PO BPM Jasa finish]]),"Sudah, OnSchedule",IF(AND(Table1[[#This Row],[PO Jasa Aktual (tanggal)]]<>"",Table1[[#This Row],[PO Jasa Aktual (tanggal)]]>Table1[[#This Row],[PLAN PR-PO BPM Jasa finish]]),"Sudah, Delay")))) -> Sudah, Delay | DS5: 45229 | DT5: #N/A | DU5: 45277 | DV5: #N/A | EA5: =IF(AND(Table1[[#This Row],[PR Material Aktual (tanggal)]]="",Table1[[#This Row],[PLAN PR-PO BPM Material finish]]>NOW()),"Belum, OnSchedule",IF(AND(Table1[[#This Row],[PR Material Aktual (tanggal)]]="",Table1[[#This Row],[PLAN PR-PO BPM Material finish]]<NOW()),"Belum, Delay",IF(AND(Table1[[#This Row],[PR Material Aktual (tanggal)]]<>"",Table1[[#This Row],[PR Material Aktual (tanggal)]]<Table1[[#This Row],[PLAN PR-PO BPM Material finish]]),"Sudah, OnSchedule",IF(AND(Table1[[#This Row],[PR Material Aktual (tanggal)]]<>"",Table1[[#This Row],[PR Material Aktual (tanggal)]]>Table1[[#This Row],[PLAN PR-PO BPM Material finish]]),"Sudah, Delay")))) -> Belum, Delay | EF5: 1 | EG5: 1 | EH5: =IF(Table1[[#This Row],[PO Material Aktual (%)]]>=100%,"Selesai PO = 100%",IF(Table1[[#This Row],[PO Material Aktual (%)]]>=50%,"Proses PO > 100%",IF(Table1[[#This Row],[PO Material Aktual (%)]]>0%,"Proses PO > 50%",IF(Table1[[#This Row],[PO Material Aktual (%)]]=0,"Belum PO = 0%")))) -> Selesai PO = 100% | EI5: =IF(AND(Table1[[#This Row],[Tanggal Selesai PO Material]]="",Table1[[#This Row],[PLAN PR-PO BPM Material finish]]>=NOW()),"Belum, OnSchedule",IF(AND(Table1[[#This Row],[Tanggal Selesai PO Material]]="",Table1[[#This Row],[PLAN PR-PO BPM Material finish]]<NOW()),"Belum, Delay",IF(AND(Table1[[#This Row],[Tanggal Selesai PO Material]]<>"",Table1[[#This Row],[Tanggal Selesai PO Material]]<=Table1[[#This Row],[PLAN PR-PO BPM Material finish]]),"Sudah, OnSchedule",IF(AND(Table1[[#This Row],[Tanggal Selesai PO Material]]<>"",Table1[[#This Row],[Tanggal Selesai PO Material]]>Table1[[#This Row],[PLAN PR-PO BPM Material finish]]),"Sudah, Delay")))) -> Belum, Delay | EJ5: 45278 | EK5: #N/A | EL5: 45564 | EM5: #N/A | EQ5: 1 | ER5: 1 | ES5: =IF(Table1[[#This Row],[Progres MOS]]>=100%,"Selesai MOS = 100%",IF(Table1[[#This Row],[Progres MOS]]>=50%,"Proses MOS > 100%",IF(Table1[[#This Row],[Progres MOS]]>0%,"Proses MOS > 50%",IF(Table1[[#This Row],[Progres MOS]]=0,"Belum MOS = 0%")))) -> Selesai MOS = 100% | ET5: =IF(AND(Table1[[#This Row],[Tanggal Selesai MOS]]="",Table1[[#This Row],[PLAN MOS finish]]>=NOW()),"Belum, OnSchedule",IF(AND(Table1[[#This Row],[Tanggal Selesai MOS]]="",Table1[[#This Row],[PLAN MOS finish]]<NOW()),"Belum, Delay",IF(AND(Table1[[#This Row],[Tanggal Selesai MOS]]<>"",Table1[[#This Row],[Tanggal Selesai MOS]]<=Table1[[#This Row],[PLAN MOS finish]]),"Sudah, OnSchedule",IF(AND(Table1[[#This Row],[Tanggal Selesai MOS]]<>"",Table1[[#This Row],[Tanggal Selesai MOS]]>Table1[[#This Row],[PLAN MOS finish]]),"Sudah, Delay")))) -> Belum, Delay | EV5: 45229 | EW5: #N/A | EX5: 45473 | EY5: #N/A | EZ5: 10.Izin Terbit | FA5: 10.Izin Terbit | FB5: Sudah | FC5: 45014 | FD5: Sudah | FF5: 45097 | FG5: Sudah | FH5: Sudah | FI5: 45187 | FJ5: Sudah | FK5: 45434 | FL5: 10.Izin Terbit | FM5: 45014 | FN5: =IF(Table1[[#This Row],[Tanggal Pengajuan Dokumen]]="","",Table1[[#This Row],[PLAN PERMIT start]]-Table1[[#This Row],[Tanggal Pengajuan Dokumen]]) -> 215 | FO5: 45434 | FP5: Izin Terbit | FR5: Izin Terbit | FS5: =IF(COUNTIF(EZ5:FR5,"*terbit*")>=1,"Sudah Terbit","On Going") -> Sudah Terbit | FT5: =IF(ISNUMBER(SEARCH("On Going",Table1[[#This Row],[Status Perizinan]])),"On Going",IF(ISNUMBER(SEARCH("Sudah Terbit",Table1[[#This Row],[Status Perizinan]])),"Selesai",IF(NOW()<Table1[[#This Row],[PLAN PERMIT start]],"Belum",IF(AND(NOW()>=Table1[[#This Row],[PLAN PERMIT start]],NOW()<=Table1[[#This Row],[PLAN PERMIT finish]]),"On Going","Terlambat")))) -> Selesai | FU5: =IF(Table1[[#This Row],[Status Izin]]="Selesai",Table1[[#This Row],[PLAN PERMIT finish]]-Table1[[#This Row],[Tanggal Terbit/ Target Izin Terbit]],ROUNDUP(Table1[[#This Row],[PLAN PERMIT finish]]-NOW(),0)) -> 39 | FV5: =IF(Table1[[#This Row],[Tanggal Terbit/ Target Izin Terbit]]="","Delay",IF(Table1[[#This Row],[Tanggal Terbit/ Target Izin Terbit]]<Table1[[#This Row],[PLAN PERMIT start]],"Ahead",IF(AND(Table1[[#This Row],[PLAN PERMIT start]]<=Table1[[#This Row],[Tanggal Terbit/ Target Izin Terbit]],Table1[[#This Row],[PLAN PERMIT finish]]>=Table1[[#This Row],[Tanggal Terbit/ Target Izin Terbit]]),"On Schedule",IF(Table1[[#This Row],[Tanggal Terbit/ Target Izin Terbit]]>Table1[[#This Row],[PLAN PERMIT finish]],"Delay")))) -> On Schedule | GA5: =IF(AND(Table1[[#This Row],[Aktual DPPK]]="",Table1[[#This Row],[PLAN Penyerahan DPPK]]>NOW()),"Belum, OnSchedule",IF(AND(Table1[[#This Row],[Aktual DPPK]]="",Table1[[#This Row],[PLAN Penyerahan DPPK]]<NOW()),"Belum, Delay",IF(AND(Table1[[#This Row],[Aktual DPPK]]<>"",Table1[[#This Row],[Aktual DPPK]]<=Table1[[#This Row],[PLAN Penyerahan DPPK]]),"Sudah, OnSchedule",IF(AND(Table1[[#This Row],[Aktual DPPK]]<>"",Table1[[#This Row],[Aktual DPPK]]>Table1[[#This Row],[PLAN Penyerahan DPPK]]),"Sudah, Delay")))) -> Belum, Delay | GB5: 45447 | GC5: 45414 | GD5: =IF(AND(Table1[[#This Row],[Tanggal Aktual PCM]]="",Table1[[#This Row],[PLAN PCM]]>NOW()),"Belum, OnSchedule",IF(AND(Table1[[#This Row],[Tanggal Aktual PCM]]="",Table1[[#This Row],[PLAN PCM]]<NOW()),"Belum, Delay",IF(AND(Table1[[#This Row],[Tanggal Aktual PCM]]<>"",Table1[[#This Row],[Tanggal Aktual PCM]]<=Table1[[#This Row],[PLAN PCM]]),"Sudah, OnSchedule",IF(AND(Table1[[#This Row],[Tanggal Aktual PCM]]<>"",Table1[[#This Row],[Tanggal Aktual PCM]]>=Table1[[#This Row],[PLAN PCM]]),"Sudah, Delay")))) -> Sudah, OnSchedule | GE5: 45454 | GF5: 45414 | GG5: =IF(AND(Table1[[#This Row],[Tanggal Aktual Kick Off]]="",Table1[[#This Row],[PLAN Kick Off]]>NOW()),"Belum, OnSchedule",IF(AND(Table1[[#This Row],[Tanggal Aktual Kick Off]]="",Table1[[#This Row],[PLAN Kick Off]]<NOW()),"Belum, Delay",IF(AND(Table1[[#This Row],[Tanggal Aktual Kick Off]]<>"",Table1[[#This Row],[Tanggal Aktual Kick Off]]<=Table1[[#This Row],[PLAN Kick Off]]),"Sudah, OnSchedule",IF(AND(Table1[[#This Row],[Tanggal Aktual Kick Off]]<>"",Table1[[#This Row],[Tanggal Aktual Kick Off]]>=Table1[[#This Row],[PLAN Kick Off]]),"Sudah, Delay")))) -> Sudah, OnSchedule | GH5: 45460 | GI5: 45466 | GJ5: 45443 | GK5: =IF(AND(Table1[[#This Row],[Tanggal Aktual MC-0]]="",Table1[[#This Row],[PLAN MC-0 finish]]>NOW()),"Belum, OnSchedule",IF(AND(Table1[[#This Row],[Tanggal Aktual MC-0]]="",Table1[[#This Row],[PLAN MC-0 finish]]<NOW()),"Belum, Delay",IF(AND(Table1[[#This Row],[Tanggal Aktual MC-0]]<>"",Table1[[#This Row],[Tanggal Aktual MC-0]]<Table1[[#This Row],[PLAN MC-0 finish]]),"Sudah, OnSchedule",IF(AND(Table1[[#This Row],[Tanggal Aktual MC-0]]<>"",Table1[[#This Row],[Tanggal Aktual MC-0]]>Table1[[#This Row],[PLAN MC-0 finish]]),"Sudah, Delay")))) -> Sudah, OnSchedule | GL5: 45474 | GM5: #N/A | GN5: 45641 | GO5: #N/A | GQ5: =IF(AND(Table1[[#This Row],[Aktual Selesai Konstruksi* (tanggal)]]="",Table1[[#This Row],[PLAN KONSTRUKSI finish]]>NOW()),"Belum, OnSchedule",IF(AND(Table1[[#This Row],[Aktual Selesai Konstruksi* (tanggal)]]="",Table1[[#This Row],[PLAN KONSTRUKSI finish]]<NOW()),"Belum, Delay",IF(AND(Table1[[#This Row],[Aktual Selesai Konstruksi* (tanggal)]]<>"",Table1[[#This Row],[Aktual Selesai Konstruksi* (tanggal)]]<Table1[[#This Row],[PLAN KONSTRUKSI finish]]),"Sudah, OnSchedule",IF(AND(Table1[[#This Row],[Aktual Selesai Konstruksi* (tanggal)]]<>"",Table1[[#This Row],[Aktual Selesai Konstruksi* (tanggal)]]>Table1[[#This Row],[PLAN KONSTRUKSI finish]]),"Sudah, Delay")))) -> Belum, Delay | GR5: - | GS5: - | GT5: 45637 | GU5: =IF(Table1[[#This Row],[Hydro Tes Actual (tanggal)]]<>"","Sudah","Belum") -> Sudah | GV5: - | GW5: - | GY5: =IF(Table1[[#This Row],[Interkoneksi Actual (tanggal)]]<>"","Sudah","Belum") -> Belum | GZ5: - | HA5: - | HB5: 44965 | HC5: =IF(Table1[[#This Row],[Flushing Actual (tanggal)]]<>"","Sudah","Belum") -> Sudah | HD5: 45614 | HE5: #N/A | HF5: 45620 | HG5: 45699 | HH5: =IF(AND(Table1[[#This Row],[TC Aktual (tanggal)]]="",Table1[[#This Row],[PLAN TC finish]]>NOW()),"Belum, OnSchedule",IF(AND(Table1[[#This Row],[TC Aktual (tanggal)]]="",Table1[[#This Row],[PLAN TC finish]]<NOW()),"Belum, Delay",IF(AND(Table1[[#This Row],[TC Aktual (tanggal)]]<>"",Table1[[#This Row],[TC Aktual (tanggal)]]<Table1[[#This Row],[PLAN TC finish]]),"Sudah, OnSchedule",IF(AND(Table1[[#This Row],[TC Aktual (tanggal)]]<>"",Table1[[#This Row],[TC Aktual (tanggal)]]>Table1[[#This Row],[PLAN TC finish]]),"Sudah, Delay")))) -> Sudah, Delay | HI5: - | HJ5: - | HM5: 45646 | HN5: 45646 | HO5: #N/A | HQ5: 45737 | HR5: =IF(AND(Table1[[#This Row],[BA MC-100 Aktual (Verifikasi)]]="",Table1[[#This Row],[PLAN MC-100 finish]]>NOW()),"Belum, OnSchedule",IF(AND(Table1[[#This Row],[BA MC-100 Aktual (Verifikasi)]]="",Table1[[#This Row],[PLAN MC-100 finish]]<NOW()),"Belum, Delay",IF(AND(Table1[[#This Row],[BA MC-100 Aktual (Verifikasi)]]<>"",Table1[[#This Row],[BA MC-100 Aktual (Verifikasi)]]<Table1[[#This Row],[PLAN MC-100 finish]]),"Sudah, OnSchedule",IF(AND(Table1[[#This Row],[BA MC-100 Aktual (Verifikasi)]]<>"",Table1[[#This Row],[BA MC-100 Aktual (Verifikasi)]]>Table1[[#This Row],[PLAN MC-100 finish]]),"Sudah, Delay")))) -> Sudah, Delay | HS5: 45653 | HU5: 45653 | HW5: 45751 | HX5: =IF(AND(Table1[[#This Row],[Aktual Submit DPPP (tanggal)]]="",Table1[[#This Row],[PLAN DPPP finish]]>NOW()),"Belum, OnSchedule",IF(AND(Table1[[#This Row],[Aktual Submit DPPP (tanggal)]]="",Table1[[#This Row],[PLAN DPPP finish]]<NOW()),"Belum, Delay",IF(AND(Table1[[#This Row],[Aktual Submit DPPP (tanggal)]]<>"",Table1[[#This Row],[Aktual Submit DPPP (tanggal)]]<Table1[[#This Row],[PLAN DPPP finish]]),"Sudah, OnSchedule",IF(AND(Table1[[#This Row],[Aktual Submit DPPP (tanggal)]]<>"",Table1[[#This Row],[Aktual Submit DPPP (tanggal)]]>Table1[[#This Row],[PLAN DPPP finish]]),"Sudah, Delay")))) -> Sudah, Delay | IC5: =IFERROR(ROUND((Table1[[#This Row],[PLAN TC finish]]-Table1[[#This Row],[PLAN MC-0 start]])/30,2),"") -> 5.33 | ID5: =DATEDIF(Table1[[#This Row],[PLAN MC-0 start]],Table1[[#This Row],[PLAN TC finish]],"m") -> 5
B6: =SUBTOTAL(3,$D$5:D6) -> 2 | C6: 2 | D6: SPAM Jatiluhur Hilir | E6: NPP23JTAA06 | F6: A6 - Pondok Kopi DN1000 | G6: 45752 | H6: MS | I6: Trunk Main | K6: Muhrojin | L6: Pipa | M6: PMO 2 | N6: 1112 | O6: m | P6: =IF(NOW()>Table1[[#This Row],[PLAN MC-100 start]],"Selesai Fisik dan Dokumen",IF(AND(Table1[[#This Row],[PLAN MC-100 start]]<=NOW(),NOW()<=Table1[[#This Row],[PLAN MC-100 finish]]),"MC-100",IF(AND(Table1[[#This Row],[PLAN TC start]]<=NOW(),NOW()<=Table1[[#This Row],[PLAN TC finish]]),"Tes Com",IF(AND(Table1[[#This Row],[PLAN KONSTRUKSI start]]<=NOW(),NOW()<=Table1[[#This Row],[PLAN KONSTRUKSI finish]]),"Proses Konstruksi",IF(AND(Table1[[#This Row],[PLAN MOS start]]<=NOW(),NOW()<=Table1[[#This Row],[PLAN MOS finish]]),"Proses MOS",IF(AND(Table1[[#This Row],[PLAN MC-0 start]]<=NOW(),NOW()<=Table1[[#This Row],[PLAN MC-0 finish]]),"MC-0",IF(AND(Table1[[#This Row],[PLAN PR-PO BPM Jasa start]]<=NOW(),NOW()<=Table1[[#This Row],[PLAN PR-PO BPM Material finish]]),"PR-PO BPM",IF(AND(Table1[[#This Row],[PLAN PR-PO ABJ start]]<=NOW(),NOW()<=Table1[[#This Row],[PLAN PR-PO ABJ finish]]),"PR-PO ABJ",IF(NOW()<Table1[[#This Row],[PLAN PR-PO ABJ finish]],"Persiapan",""))))))))) -> Selesai Fisik dan Dokumen | Q6: =IF(LEFT(Table1[[#This Row],[Review DPPP]],5)="Sudah","DPPP",IF(LEFT(Table1[[#This Row],[Review MC-100]],5)="Sudah","MC-100",IF(LEFT(Table1[[#This Row],[Status TC]],5)="Sudah","Tes Com",IF(Table1[[#This Row],[Status Flushing]]="Sudah","Flushing",IF(Table1[[#This Row],[Total Panjang Pipa Aktual (Sum->)3]]>0,"Proses Konstruksi",IF(LEFT(Table1[[#This Row],[Review MC-0]],5)="Sudah","MC-0",IF(LEFT(Table1[[#This Row],[Review Kick Off]],5)="Sudah","Kick Off Meeting",IF(LEFT(Table1[[#This Row],[Review PCM]],5)="Sudah","PCM",IF(LEFT(Table1[[#This Row],[Status MOS]],10)="Proses MOS","Proses MOS",IF(LEFT(Table1[[#This Row],[Review PO Jasa BPM]],5)="Sudah","PO Jasa BPM",IF(LEFT(Table1[[#This Row],[Review PR Jasa BPM]],5)="Sudah","PR Jasa BPM",IF(LEFT(Table1[[#This Row],[Review PO Material BPM]],5)="Sudah","PO Material BPM",IF(LEFT(Table1[[#This Row],[Review PR Material BPM]],5)="Sudah","PR Material BPM",IF(LEFT(Table1[[#This Row],[Review PO ABJ]],5)="Sudah","PO ABJ",IF(LEFT(Table1[[#This Row],[Review PR ABJ]],5)="Sudah","PR ABJ","Persiapan"))))))))))))))) -> DPPP | R6: #N/A | S6: 1 | T6: =Table1[[#This Row],[Progres Total Aktual (%)]] -> 1 | U6: =Table1[[#This Row],[Progres Aktual (%)]]-Table1[[#This Row],[Target Progres (%)]] -> 0 | V6: =Table1[[#This Row],["Volume BA MC-0"]] -> 1083 | W6: =Table1[[#This Row],[Total Panjang Pipa Aktual (Sum->)3]] -> 1071.72 | Y6: Jl. Mawar Merah II, Kel. Pondok Kopi, Kec. Duren Sawit | Z6: 50476486470 | AA6: =ROUND((Table1[[#This Row],[Nilai RAB Jaringan (Exclude Ppn)]]-Table1[[#This Row],[RAB Perizinan]])*1.11+Table1[[#This Row],[RAB Perizinan]],0) -> 0 | AB6: =SUM(Table1[[#This Row],[RAB Kegiatan Umum]:[RAB Perizinan]]) -> 0 | AG6: 0 | AH6: =SUM(Table1[[#This Row],[Bobot Keg Umum]:[Bobot Perizinan]]) -> #DIV/0! | AI6: =Table1[[#This Row],[RAB Kegiatan Umum]]/Table1[[#This Row],[Nilai RAB Jaringan (Exclude Ppn)]] -> #DIV/0! | AJ6: =Table1[[#This Row],[RAB Pemasangan]]/Table1[[#This Row],[Nilai RAB Jaringan (Exclude Ppn)]] -> #DIV/0! | AK6: =Table1[[#This Row],[RAB Pengadaan]]/Table1[[#This Row],[Nilai RAB Jaringan (Exclude Ppn)]] -> #DIV/0! | AL6: =Table1[[#This Row],[RAB Perizinan]]/Table1[[#This Row],[Nilai RAB Jaringan (Exclude Ppn)]] -> #DIV/0! | AN6: 1083 | AO6: =SUM(Table1[[#This Row],[Pipa 63 mm]:[Pipa 1,800 mm]]) -> 0 | BJ6: =SUM(Table1[[#This Row],[Pipa 63 mm2]:[Pipa 1,800 mm21]]) -> 1071.72 | BY6: =380.8+644.7+46.22 -> 1071.72 | CE6: 0 | CI6: =SUM(CE6:CH6) -> 0 | CJ6: =IF((Table1[[#This Row],["Volume BA MC-0"]]-Table1[[#This Row],[Total Panjang Pipa Aktual (Sum->)3]]-Table1[[#This Row],[Total Volume tidak dapat dipasang]])>=0,Table1[[#This Row],["Volume BA MC-0"]]-Table1[[#This Row],[Total Panjang Pipa Aktual (Sum->)3]]-Table1[[#This Row],[Total Volume tidak dapat dipasang]],0) -> 11.28 | CP6: =IFERROR(IF(Table1[[#This Row],[Nilai RNA Update]]>0,Table1[[#This Row],[Nilai RNA Update]]/Table1[[#This Row],[Nilai RNA Update]],IF(Table1[[#This Row],[VOWD Total (Rp)]]=0,IF(LEFT(Table1[[#This Row],[Review PO Material BPM]],5)="Sudah",Table1[[#This Row],[Progres MOS]]*80%*Table1[[#This Row],[Bobot Pengadaan]],Table1[[#This Row],[Progres MOS]]*60%*Table1[[#This Row],[Bobot Pengadaan]]),Table1[[#This Row],[VOWD Total (Rp)]]/Table1[[#This Row],[Kontrol Nilai RAB Jaringan (Include Ppn)]])),0) -> 1 | CQ6: =IFERROR(Table1[[#This Row],[Progres Keg. Umum (%)]]*Table1[[#This Row],[Nilai RAB Jaringan (file pa aji)]],0) -> 0 | CR6: =IFERROR(Table1[[#This Row],[Progres MOS (%)]]*Table1[[#This Row],[Nilai RAB Jaringan (file pa aji)]],0) -> 0 | CS6: =IFERROR(Table1[[#This Row],[Progres Pemasangan (%)]]*Table1[[#This Row],[Nilai RAB Jaringan (file pa aji)]],0) -> 0 | CT6: =IFERROR(Table1[[#This Row],[Progres Perizinan (%)]]*Table1[[#This Row],[Nilai RAB Jaringan (file pa aji)]],0) -> 0 | CU6: 51407089365 | CV6: 51407089365 | CW6: 51407089365 | CX6: =_xlfn.XLOOKUP(Table1[[#This Row],[Kode Program]],'[1]Breakdown VOWD Greenfield'!$E:$E,'[1]Breakdown VOWD Greenfield'!$AT:$AT) -> 51407089365 | CZ6: 45194 | DA6: 45228 | DB6: 45240 | DC6: AJC/2023/11/Q800/362 | DD6: 50448936470 | DE6: =IF(AND(Table1[[#This Row],[PR Aktual (tanggal)]]="",Table1[[#This Row],[PLAN PR-PO ABJ finish]]>=NOW()),"Belum, OnSchedule",IF(AND(Table1[[#This Row],[PR Aktual (tanggal)]]="",Table1[[#This Row],[PLAN PR-PO ABJ finish]]<NOW()),"Belum, Delay",IF(AND(Table1[[#This Row],[PR Aktual (tanggal)]]<>"",Table1[[#This Row],[PR Aktual (tanggal)]]<=Table1[[#This Row],[PLAN PR-PO ABJ finish]]),"Sudah, OnSchedule",IF(AND(Table1[[#This Row],[PR Aktual (tanggal)]]<>"",Table1[[#This Row],[PR Aktual (tanggal)]]>Table1[[#This Row],[PLAN PR-PO ABJ finish]]),"Sudah, Delay")))) -> Sudah, Delay | DF6: 45250 | DG6: AJCPOV-2300148 | DH6: 50448936470 | DI6: =IF(AND(Table1[[#This Row],[PO Aktual (tanggal)]]="",Table1[[#This Row],[PLAN PR-PO ABJ finish]]>NOW()),"Belum, OnSchedule",IF(AND(Table1[[#This Row],[PO Aktual (tanggal)]]="",Table1[[#This Row],[PLAN PR-PO ABJ finish]]<NOW()),"Belum, Delay",IF(AND(Table1[[#This Row],[PO Aktual (tanggal)]]<>"",Table1[[#This Row],[PO Aktual (tanggal)]]<Table1[[#This Row],[PLAN PR-PO ABJ finish]]),"Sudah, OnSchedule",IF(AND(Table1[[#This Row],[PO Aktual (tanggal)]]<>"",Table1[[#This Row],[PO Aktual (tanggal)]]>Table1[[#This Row],[PLAN PR-PO ABJ finish]]),"Sudah, Delay")))) -> Sudah, Delay | DJ6: 45229 | DK6: 45445 | DL6: 45274.711 | DM6: PR/BPM/JTLTimur/2312/0007 | DN6: =IF(AND(Table1[[#This Row],[PR Jasa Aktual (tanggal)]]="",Table1[[#This Row],[PLAN PR-PO BPM Jasa finish]]>NOW()),"Belum, OnSchedule",IF(AND(Table1[[#This Row],[PR Jasa Aktual (tanggal)]]="",Table1[[#This Row],[PLAN PR-PO BPM Jasa finish]]<NOW()),"Belum, Delay",IF(AND(Table1[[#This Row],[PR Jasa Aktual (tanggal)]]<>"",Table1[[#This Row],[PR Jasa Aktual (tanggal)]]<=Table1[[#This Row],[PLAN PR-PO BPM Jasa finish]]),"Sudah, OnSchedule",IF(AND(Table1[[#This Row],[PR Jasa Aktual (tanggal)]]<>"",Table1[[#This Row],[PR Jasa Aktual (tanggal)]]>Table1[[#This Row],[PLAN PR-PO BPM Jasa finish]]),"Sudah, Delay")))) -> Sudah, OnSchedule | DO6: 45456.292 | DP6: BPMPO-2402410 | DQ6: PT. KMU Konstruksi Indonesia | DR6: =IF(AND(Table1[[#This Row],[PO Jasa Aktual (tanggal)]]="",Table1[[#This Row],[PLAN PR-PO BPM Jasa finish]]>NOW()),"Belum, OnSchedule",IF(AND(Table1[[#This Row],[PO Jasa Aktual (tanggal)]]="",Table1[[#This Row],[PLAN PR-PO BPM Jasa finish]]<NOW()),"Belum, Delay",IF(AND(Table1[[#This Row],[PO Jasa Aktual (tanggal)]]<>"",Table1[[#This Row],[PO Jasa Aktual (tanggal)]]<Table1[[#This Row],[PLAN PR-PO BPM Jasa finish]]),"Sudah, OnSchedule",IF(AND(Table1[[#This Row],[PO Jasa Aktual (tanggal)]]<>"",Table1[[#This Row],[PO Jasa Aktual (tanggal)]]>Table1[[#This Row],[PLAN PR-PO BPM Jasa finish]]),"Sudah, Delay")))) -> Sudah, Delay | DS6: 45229 | DT6: #N/A | DU6: 45277 | DV6: #N/A | EA6: =IF(AND(Table1[[#This Row],[PR Material Aktual (tanggal)]]="",Table1[[#This Row],[PLAN PR-PO BPM Material finish]]>NOW()),"Belum, OnSchedule",IF(AND(Table1[[#This Row],[PR Material Aktual (tanggal)]]="",Table1[[#This Row],[PLAN PR-PO BPM Material finish]]<NOW()),"Belum, Delay",IF(AND(Table1[[#This Row],[PR Material Aktual (tanggal)]]<>"",Table1[[#This Row],[PR Material Aktual (tanggal)]]<Table1[[#This Row],[PLAN PR-PO BPM Material finish]]),"Sudah, OnSchedule",IF(AND(Table1[[#This Row],[PR Material Aktual (tanggal)]]<>"",Table1[[#This Row],[PR Material Aktual (tanggal)]]>Table1[[#This Row],[PLAN PR-PO BPM Material finish]]),"Sudah, Delay")))) -> Belum, Delay | EF6: 1 | EG6: 1 | EH6: =IF(Table1[[#This Row],[PO Material Aktual (%)]]>=100%,"Selesai PO = 100%",IF(Table1[[#This Row],[PO Material Aktual (%)]]>=50%,"Proses PO > 100%",IF(Table1[[#This Row],[PO Material Aktual (%)]]>0%,"Proses PO > 50%",IF(Table1[[#This Row],[PO Material Aktual (%)]]=0,"Belum PO = 0%")))) -> Selesai PO = 100% | EI6: =IF(AND(Table1[[#This Row],[Tanggal Selesai PO Material]]="",Table1[[#This Row],[PLAN PR-PO BPM Material finish]]>=NOW()),"Belum, OnSchedule",IF(AND(Table1[[#This Row],[Tanggal Selesai PO Material]]="",Table1[[#This Row],[PLAN PR-PO BPM Material finish]]<NOW()),"Belum, Delay",IF(AND(Table1[[#This Row],[Tanggal Selesai PO Material]]<>"",Table1[[#This Row],[Tanggal Selesai PO Material]]<=Table1[[#This Row],[PLAN PR-PO BPM Material finish]]),"Sudah, OnSchedule",IF(AND(Table1[[#This Row],[Tanggal Selesai PO Material]]<>"",Table1[[#This Row],[Tanggal Selesai PO Material]]>Table1[[#This Row],[PLAN PR-PO BPM Material finish]]),"Sudah, Delay")))) -> Belum, Delay | EJ6: 45278 | EK6: #N/A | EL6: 45564 | EM6: #N/A | EQ6: 1 | ER6: 1 | ES6: =IF(Table1[[#This Row],[Progres MOS]]>=100%,"Selesai MOS = 100%",IF(Table1[[#This Row],[Progres MOS]]>=50%,"Proses MOS > 100%",IF(Table1[[#This Row],[Progres MOS]]>0%,"Proses MOS > 50%",IF(Table1[[#This Row],[Progres MOS]]=0,"Belum MOS = 0%")))) -> Selesai MOS = 100% | ET6: =IF(AND(Table1[[#This Row],[Tanggal Selesai MOS]]="",Table1[[#This Row],[PLAN MOS finish]]>=NOW()),"Belum, OnSchedule",IF(AND(Table1[[#This Row],[Tanggal Selesai MOS]]="",Table1[[#This Row],[PLAN MOS finish]]<NOW()),"Belum, Delay",IF(AND(Table1[[#This Row],[Tanggal Selesai MOS]]<>"",Table1[[#This Row],[Tanggal Selesai MOS]]<=Table1[[#This Row],[PLAN MOS finish]]),"Sudah, OnSchedule",IF(AND(Table1[[#This Row],[Tanggal Selesai MOS]]<>"",Table1[[#This Row],[Tanggal Selesai MOS]]>Table1[[#This Row],[PLAN MOS finish]]),"Sudah, Delay")))) -> Belum, Delay | EV6: 45229 | EW6: #N/A | EX6: 45473 | EY6: #N/A | EZ6: 10.Izin Terbit | FA6: 10.Izin Terbit | FB6: Sudah | FC6: 45013 | FD6: Sudah | FF6: 45097 | FG6: Sudah | FH6: Sudah | FI6: 45187 | FJ6: Sudah | FK6: 45434 | FL6: 10.Izin Terbit | FM6: 45013 | FN6: =IF(Table1[[#This Row],[Tanggal Pengajuan Dokumen]]="","",Table1[[#This Row],[PLAN PERMIT start]]-Table1[[#This Row],[Tanggal Pengajuan Dokumen]]) -> 216 | FO6: 45434 | FS6: =IF(COUNTIF(EZ6:FR6,"*terbit*")>=1,"Sudah Terbit","On Going") -> Sudah Terbit | FT6: =IF(ISNUMBER(SEARCH("On Going",Table1[[#This Row],[Status Perizinan]])),"On Going",IF(ISNUMBER(SEARCH("Sudah Terbit",Table1[[#This Row],[Status Perizinan]])),"Selesai",IF(NOW()<Table1[[#This Row],[PLAN PERMIT start]],"Belum",IF(AND(NOW()>=Table1[[#This Row],[PLAN PERMIT start]],NOW()<=Table1[[#This Row],[PLAN PERMIT finish]]),"On Going","Terlambat")))) -> Selesai | FU6: =IF(Table1[[#This Row],[Status Izin]]="Selesai",Table1[[#This Row],[PLAN PERMIT finish]]-Table1[[#This Row],[Tanggal Terbit/ Target Izin Terbit]],ROUNDUP(Table1[[#This Row],[PLAN PERMIT finish]]-NOW(),0)) -> 39 | FV6: =IF(Table1[[#This Row],[Tanggal Terbit/ Target Izin Terbit]]="","Delay",IF(Table1[[#This Row],[Tanggal Terbit/ Target Izin Terbit]]<Table1[[#This Row],[PLAN PERMIT start]],"Ahead",IF(AND(Table1[[#This Row],[PLAN PERMIT start]]<=Table1[[#This Row],[Tanggal Terbit/ Target Izin Terbit]],Table1[[#This Row],[PLAN PERMIT finish]]>=Table1[[#This Row],[Tanggal Terbit/ Target Izin Terbit]]),"On Schedule",IF(Table1[[#This Row],[Tanggal Terbit/ Target Izin Terbit]]>Table1[[#This Row],[PLAN PERMIT finish]],"Delay")))) -> On Schedule | GA6: =IF(AND(Table1[[#This Row],[Aktual DPPK]]="",Table1[[#This Row],[PLAN Penyerahan DPPK]]>NOW()),"Belum, OnSchedule",IF(AND(Table1[[#This Row],[Aktual DPPK]]="",Table1[[#This Row],[PLAN Penyerahan DPPK]]<NOW()),"Belum, Delay",IF(AND(Table1[[#This Row],[Aktual DPPK]]<>"",Table1[[#This Row],[Aktual DPPK]]<=Table1[[#This Row],[PLAN Penyerahan DPPK]]),"Sudah, OnSchedule",IF(AND(Table1[[#This Row],[Aktual DPPK]]<>"",Table1[[#This Row],[Aktual DPPK]]>Table1[[#This Row],[PLAN Penyerahan DPPK]]),"Sudah, Delay")))) -> Belum, Delay | GB6: 45447 | GC6: 45414 | GD6: =IF(AND(Table1[[#This Row],[Tanggal Aktual PCM]]="",Table1[[#This Row],[PLAN PCM]]>NOW()),"Belum, OnSchedule",IF(AND(Table1[[#This Row],[Tanggal Aktual PCM]]="",Table1[[#This Row],[PLAN PCM]]<NOW()),"Belum, Delay",IF(AND(Table1[[#This Row],[Tanggal Aktual PCM]]<>"",Table1[[#This Row],[Tanggal Aktual PCM]]<=Table1[[#This Row],[PLAN PCM]]),"Sudah, OnSchedule",IF(AND(Table1[[#This Row],[Tanggal Aktual PCM]]<>"",Table1[[#This Row],[Tanggal Aktual PCM]]>=Table1[[#This Row],[PLAN PCM]]),"Sudah, Delay")))) -> Sudah, OnSchedule | GE6: 45454 | GF6: 45414 | GG6: =IF(AND(Table1[[#This Row],[Tanggal Aktual Kick Off]]="",Table1[[#This Row],[PLAN Kick Off]]>NOW()),"Belum, OnSchedule",IF(AND(Table1[[#This Row],[Tanggal Aktual Kick Off]]="",Table1[[#This Row],[PLAN Kick Off]]<NOW()),"Belum, Delay",IF(AND(Table1[[#This Row],[Tanggal Aktual Kick Off]]<>"",Table1[[#This Row],[Tanggal Aktual Kick Off]]<=Table1[[#This Row],[PLAN Kick Off]]),"Sudah, OnSchedule",IF(AND(Table1[[#This Row],[Tanggal Aktual Kick Off]]<>"",Table1[[#This Row],[Tanggal Aktual Kick Off]]>=Table1[[#This Row],[PLAN Kick Off]]),"Sudah, Delay")))) -> Sudah, OnSchedule | GH6: 45460 | GI6: 45466 | GJ6: 45443 | GK6: =IF(AND(Table1[[#This Row],[Tanggal Aktual MC-0]]="",Table1[[#This Row],[PLAN MC-0 finish]]>NOW()),"Belum, OnSchedule",IF(AND(Table1[[#This Row],[Tanggal Aktual MC-0]]="",Table1[[#This Row],[PLAN MC-0 finish]]<NOW()),"Belum, Delay",IF(AND(Table1[[#This Row],[Tanggal Aktual MC-0]]<>"",Table1[[#This Row],[Tanggal Aktual MC-0]]<Table1[[#This Row],[PLAN MC-0 finish]]),"Sudah, OnSchedule",IF(AND(Table1[[#This Row],[Tanggal Aktual MC-0]]<>"",Table1[[#This Row],[Tanggal Aktual MC-0]]>Table1[[#This Row],[PLAN MC-0 finish]]),"Sudah, Delay")))) -> Sudah, OnSchedule | GL6: 45474 | GM6: #N/A | GN6: 45641 | GO6: #N/A | GQ6: =IF(AND(Table1[[#This Row],[Aktual Selesai Konstruksi* (tanggal)]]="",Table1[[#This Row],[PLAN KONSTRUKSI finish]]>NOW()),"Belum, OnSchedule",IF(AND(Table1[[#This Row],[Aktual Selesai Konstruksi* (tanggal)]]="",Table1[[#This Row],[PLAN KONSTRUKSI finish]]<NOW()),"Belum, Delay",IF(AND(Table1[[#This Row],[Aktual Selesai Konstruksi* (tanggal)]]<>"",Table1[[#This Row],[Aktual Selesai Konstruksi* (tanggal)]]<Table1[[#This Row],[PLAN KONSTRUKSI finish]]),"Sudah, OnSchedule",IF(AND(Table1[[#This Row],[Aktual Selesai Konstruksi* (tanggal)]]<>"",Table1[[#This Row],[Aktual Selesai Konstruksi* (tanggal)]]>Table1[[#This Row],[PLAN KONSTRUKSI finish]]),"Sudah, Delay")))) -> Belum, Delay | GR6: - | GS6: - | GT6: 45635 | GU6: =IF(Table1[[#This Row],[Hydro Tes Actual (tanggal)]]<>"","Sudah","Belum") -> Sudah | GV6: - | GW6: - | GX6: 45563 | GY6: =IF(Table1[[#This Row],[Interkoneksi Actual (tanggal)]]<>"","Sudah","Belum") -> Sudah | GZ6: - | HA6: - | HB6: 44965 | HC6: =IF(Table1[[#This Row],[Flushing Actual (tanggal)]]<>"","Sudah","Belum") -> Sudah | HD6: 45614 | HE6: #N/A | HF6: 45620 | HG6: 45699 | HH6: =IF(AND(Table1[[#This Row],[TC Aktual (tanggal)]]="",Table1[[#This Row],[PLAN TC finish]]>NOW()),"Belum, OnSchedule",IF(AND(Table1[[#This Row],[TC Aktual (tanggal)]]="",Table1[[#This Row],[PLAN TC finish]]<NOW()),"Belum, Delay",IF(AND(Table1[[#This Row],[TC Aktual (tanggal)]]<>"",Table1[[#This Row],[TC Aktual (tanggal)]]<Table1[[#This Row],[PLAN TC finish]]),"Sudah, OnSchedule",IF(AND(Table1[[#This Row],[TC Aktual (tanggal)]]<>"",Table1[[#This Row],[TC Aktual (tanggal)]]>Table1[[#This Row],[PLAN TC finish]]),"Sudah, Delay")))) -> Sudah, Delay | HI6: - | HJ6: - | HM6: 45646 | HN6: 45646 | HO6: #N/A | HQ6: 45737 | HR6: =IF(AND(Table1[[#This Row],[BA MC-100 Aktual (Verifikasi)]]="",Table1[[#This Row],[PLAN MC-100 finish]]>NOW()),"Belum, OnSchedule",IF(AND(Table1[[#This Row],[BA MC-100 Aktual (Verifikasi)]]="",Table1[[#This Row],[PLAN MC-100 finish]]<NOW()),"Belum, Delay",IF(AND(Table1[[#This Row],[BA MC-100 Aktual (Verifikasi)]]<>"",Table1[[#This Row],[BA MC-100 Aktual (Verifikasi)]]<Table1[[#This Row],[PLAN MC-100 finish]]),"Sudah, OnSchedule",IF(AND(Table1[[#This Row],[BA MC-100 Aktual (Verifikasi)]]<>"",Table1[[#This Row],[BA MC-100 Aktual (Verifikasi)]]>Table1[[#This Row],[PLAN MC-100 finish]]),"Sudah, Delay")))) -> Sudah, Delay | HS6: 45653 | HU6: 45653 | HW6: 45751 | HX6: =IF(AND(Table1[[#This Row],[Aktual Submit DPPP (tanggal)]]="",Table1[[#This Row],[PLAN DPPP finish]]>NOW()),"Belum, OnSchedule",IF(AND(Table1[[#This Row],[Aktual Submit DPPP (tanggal)]]="",Table1[[#This Row],[PLAN DPPP finish]]<NOW()),"Belum, Delay",IF(AND(Table1[[#This Row],[Aktual Submit DPPP (tanggal)]]<>"",Table1[[#This Row],[Aktual Submit DPPP (tanggal)]]<Table1[[#This Row],[PLAN DPPP finish]]),"Sudah, OnSchedule",IF(AND(Table1[[#This Row],[Aktual Submit DPPP (tanggal)]]<>"",Table1[[#This Row],[Aktual Submit DPPP (tanggal)]]>Table1[[#This Row],[PLAN DPPP finish]]),"Sudah, Delay")))) -> Sudah, Delay | IC6: =IFERROR(ROUND((Table1[[#This Row],[PLAN TC finish]]-Table1[[#This Row],[PLAN MC-0 start]])/30,2),"") -> 5.33 | ID6: =DATEDIF(Table1[[#This Row],[PLAN MC-0 start]],Table1[[#This Row],[PLAN TC finish]],"m") -> 5
B7: =SUBTOTAL(3,$D$5:D7) -> 3 | C7: 3 | D7: SPAM Jatiluhur Hilir | E7: 23ABJ.NRP095 | F7: Dakota DN600 | G7: 45752 | H7: MS | I7: Trunk Main | K7: Muhrojin | L7: Pipa | M7: PMO 1 | N7: 616 | O7: m | P7: =IF(NOW()>Table1[[#This Row],[PLAN MC-100 start]],"Selesai Fisik dan Dokumen",IF(AND(Table1[[#This Row],[PLAN MC-100 start]]<=NOW(),NOW()<=Table1[[#This Row],[PLAN MC-100 finish]]),"MC-100",IF(AND(Table1[[#This Row],[PLAN TC start]]<=NOW(),NOW()<=Table1[[#This Row],[PLAN TC finish]]),"Tes Com",IF(AND(Table1[[#This Row],[PLAN KONSTRUKSI start]]<=NOW(),NOW()<=Table1[[#This Row],[PLAN KONSTRUKSI finish]]),"Proses Konstruksi",IF(AND(Table1[[#This Row],[PLAN MOS start]]<=NOW(),NOW()<=Table1[[#This Row],[PLAN MOS finish]]),"Proses MOS",IF(AND(Table1[[#This Row],[PLAN MC-0 start]]<=NOW(),NOW()<=Table1[[#This Row],[PLAN MC-0 finish]]),"MC-0",IF(AND(Table1[[#This Row],[PLAN PR-PO BPM Jasa start]]<=NOW(),NOW()<=Table1[[#This Row],[PLAN PR-PO BPM Material finish]]),"PR-PO BPM",IF(AND(Table1[[#This Row],[PLAN PR-PO ABJ start]]<=NOW(),NOW()<=Table1[[#This Row],[PLAN PR-PO ABJ finish]]),"PR-PO ABJ",IF(NOW()<Table1[[#This Row],[PLAN PR-PO ABJ finish]],"Persiapan",""))))))))) -> Selesai Fisik dan Dokumen | Q7: =IF(LEFT(Table1[[#This Row],[Review DPPP]],5)="Sudah","DPPP",IF(LEFT(Table1[[#This Row],[Review MC-100]],5)="Sudah","MC-100",IF(LEFT(Table1[[#This Row],[Status TC]],5)="Sudah","Tes Com",IF(Table1[[#This Row],[Status Flushing]]="Sudah","Flushing",IF(Table1[[#This Row],[Total Panjang Pipa Aktual (Sum->)3]]>0,"Proses Konstruksi",IF(LEFT(Table1[[#This Row],[Review MC-0]],5)="Sudah","MC-0",IF(LEFT(Table1[[#This Row],[Review Kick Off]],5)="Sudah","Kick Off Meeting",IF(LEFT(Table1[[#This Row],[Review PCM]],5)="Sudah","PCM",IF(LEFT(Table1[[#This Row],[Status MOS]],10)="Proses MOS","Proses MOS",IF(LEFT(Table1[[#This Row],[Review PO Jasa BPM]],5)="Sudah","PO Jasa BPM",IF(LEFT(Table1[[#This Row],[Review PR Jasa BPM]],5)="Sudah","PR Jasa BPM",IF(LEFT(Table1[[#This Row],[Review PO Material BPM]],5)="Sudah","PO Material BPM",IF(LEFT(Table1[[#This Row],[Review PR Material BPM]],5)="Sudah","PR Material BPM",IF(LEFT(Table1[[#This Row],[Review PO ABJ]],5)="Sudah","PO ABJ",IF(LEFT(Table1[[#This Row],[Review PR ABJ]],5)="Sudah","PR ABJ","Persiapan"))))))))))))))) -> DPPP | R7: #N/A | S7: 1 | T7: =Table1[[#This Row],[Progres Total Aktual (%)]] -> 1 | U7: =Table1[[#This Row],[Progres Aktual (%)]]-Table1[[#This Row],[Target Progres (%)]] -> 0 | V7: =Table1[[#This Row],["Volume BA MC-0"]] -> 593 | W7: =Table1[[#This Row],[Total Panjang Pipa Aktual (Sum->)3]] -> 606.9 | Y7: PC 095 Jl. Kemayoran Gempol & Jl. Dakota Raya | Z7: 11427917081 | AA7: =ROUND((Table1[[#This Row],[Nilai RAB Jaringan (Exclude Ppn)]]-Table1[[#This Row],[RAB Perizinan]])*1.11+Table1[[#This Row],[RAB Perizinan]],0) -> 0 | AB7: =SUM(Table1[[#This Row],[RAB Kegiatan Umum]:[RAB Perizinan]]) -> 0 | AG7: 0 | AH7: =SUM(Table1[[#This Row],[Bobot Keg Umum]:[Bobot Perizinan]]) -> #DIV/0! | AI7: =Table1[[#This Row],[RAB Kegiatan Umum]]/Table1[[#This Row],[Nilai RAB Jaringan (Exclude Ppn)]] -> #DIV/0! | AJ7: =Table1[[#This Row],[RAB Pemasangan]]/Table1[[#This Row],[Nilai RAB Jaringan (Exclude Ppn)]] -> #DIV/0! | AK7: =Table1[[#This Row],[RAB Pengadaan]]/Table1[[#This Row],[Nilai RAB Jaringan (Exclude Ppn)]] -> #DIV/0! | AL7: =Table1[[#This Row],[RAB Perizinan]]/Table1[[#This Row],[Nilai RAB Jaringan (Exclude Ppn)]] -> #DIV/0! | AN7: 593 | AO7: =SUM(Table1[[#This Row],[Pipa 63 mm]:[Pipa 1,800 mm]]) -> 0 | BJ7: =SUM(Table1[[#This Row],[Pipa 63 mm2]:[Pipa 1,800 mm21]]) -> 606.9 | BP7: 15 | BU7: 591.9 | CE7: 0 | CI7: =SUM(CE7:CH7) -> 0 | CJ7: =IF((Table1[[#This Row],["Volume BA MC-0"]]-Table1[[#This Row],[Total Panjang Pipa Aktual (Sum->)3]]-Table1[[#This Row],[Total Volume tidak dapat dipasang]])>=0,Table1[[#This Row],["Volume BA MC-0"]]-Table1[[#This Row],[Total Panjang Pipa Aktual (Sum->)3]]-Table1[[#This Row],[Total Volume tidak dapat dipasang]],0) -> 0 | CP7: =IFERROR(IF(Table1[[#This Row],[Nilai RNA Update]]>0,Table1[[#This Row],[Nilai RNA Update]]/Table1[[#This Row],[Nilai RNA Update]],IF(Table1[[#This Row],[VOWD Total (Rp)]]=0,IF(LEFT(Table1[[#This Row],[Review PO Material BPM]],5)="Sudah",Table1[[#This Row],[Progres MOS]]*80%*Table1[[#This Row],[Bobot Pengadaan]],Table1[[#This Row],[Progres MOS]]*60%*Table1[[#This Row],[Bobot Pengadaan]]),Table1[[#This Row],[VOWD Total (Rp)]]/Table1[[#This Row],[Kontrol Nilai RAB Jaringan (Include Ppn)]])),0) -> 1 | CQ7: =IFERROR(Table1[[#This Row],[Progres Keg. Umum (%)]]*Table1[[#This Row],[Nilai RAB Jaringan (file pa aji)]],0) -> 0 | CR7: =IFERROR(Table1[[#This Row],[Progres MOS (%)]]*Table1[[#This Row],[Nilai RAB Jaringan (file pa aji)]],0) -> 0 | CS7: =IFERROR(Table1[[#This Row],[Progres Pemasangan (%)]]*Table1[[#This Row],[Nilai RAB Jaringan (file pa aji)]],0) -> 0 | CT7: =IFERROR(Table1[[#This Row],[Progres Perizinan (%)]]*Table1[[#This Row],[Nilai RAB Jaringan (file pa aji)]],0) -> 0 | CU7: 10843356260 | CV7: 10843356260 | CW7: 10843356260 | CX7: =_xlfn.XLOOKUP(Table1[[#This Row],[Kode Program]],'[1]Breakdown VOWD Greenfield'!$E:$E,'[1]Breakdown VOWD Greenfield'!$AT:$AT) -> 10843356260 | CZ7: 45194 | DA7: 45207 | DB7: 45164 | DC7: AJC/2023/08/Q800/246 | DD7: 5358010944 | DE7: =IF(AND(Table1[[#This Row],[PR Aktual (tanggal)]]="",Table1[[#This Row],[PLAN PR-PO ABJ finish]]>=NOW()),"Belum, OnSchedule",IF(AND(Table1[[#This Row],[PR Aktual (tanggal)]]="",Table1[[#This Row],[PLAN PR-PO ABJ finish]]<NOW()),"Belum, Delay",IF(AND(Table1[[#This Row],[PR Aktual (tanggal)]]<>"",Table1[[#This Row],[PR Aktual (tanggal)]]<=Table1[[#This Row],[PLAN PR-PO ABJ finish]]),"Sudah, OnSchedule",IF(AND(Table1[[#This Row],[PR Aktual (tanggal)]]<>"",Table1[[#This Row],[PR Aktual (tanggal)]]>Table1[[#This Row],[PLAN PR-PO ABJ finish]]),"Sudah, Delay")))) -> Sudah, OnSchedule | DF7: 45222 | DG7: AJCPOV-2300133 | DH7: 5358010944 | DI7: =IF(AND(Table1[[#This Row],[PO Aktual (tanggal)]]="",Table1[[#This Row],[PLAN PR-PO ABJ finish]]>NOW()),"Belum, OnSchedule",IF(AND(Table1[[#This Row],[PO Aktual (tanggal)]]="",Table1[[#This Row],[PLAN PR-PO ABJ finish]]<NOW()),"Belum, Delay",IF(AND(Table1[[#This Row],[PO Aktual (tanggal)]]<>"",Table1[[#This Row],[PO Aktual (tanggal)]]<Table1[[#This Row],[PLAN PR-PO ABJ finish]]),"Sudah, OnSchedule",IF(AND(Table1[[#This Row],[PO Aktual (tanggal)]]<>"",Table1[[#This Row],[PO Aktual (tanggal)]]>Table1[[#This Row],[PLAN PR-PO ABJ finish]]),"Sudah, Delay")))) -> Sudah, Delay | DJ7: 45208 | DK7: 45228 | DL7: 45226 | DM7: PR/BPM/JTLBarat/2310/0019 | DN7: =IF(AND(Table1[[#This Row],[PR Jasa Aktual (tanggal)]]="",Table1[[#This Row],[PLAN PR-PO BPM Jasa finish]]>NOW()),"Belum, OnSchedule",IF(AND(Table1[[#This Row],[PR Jasa Aktual (tanggal)]]="",Table1[[#This Row],[PLAN PR-PO BPM Jasa finish]]<NOW()),"Belum, Delay",IF(AND(Table1[[#This Row],[PR Jasa Aktual (tanggal)]]<>"",Table1[[#This Row],[PR Jasa Aktual (tanggal)]]<=Table1[[#This Row],[PLAN PR-PO BPM Jasa finish]]),"Sudah, OnSchedule",IF(AND(Table1[[#This Row],[PR Jasa Aktual (tanggal)]]<>"",Table1[[#This Row],[PR Jasa Aktual (tanggal)]]>Table1[[#This Row],[PLAN PR-PO BPM Jasa finish]]),"Sudah, Delay")))) -> Sudah, OnSchedule | DO7: 45258 | DP7: PO/BPM-ABJ/XI/23/0781 | DQ7: PT Djatipiring Jaya Abadi | DR7: =IF(AND(Table1[[#This Row],[PO Jasa Aktual (tanggal)]]="",Table1[[#This Row],[PLAN PR-PO BPM Jasa finish]]>NOW()),"Belum, OnSchedule",IF(AND(Table1[[#This Row],[PO Jasa Aktual (tanggal)]]="",Table1[[#This Row],[PLAN PR-PO BPM Jasa finish]]<NOW()),"Belum, Delay",IF(AND(Table1[[#This Row],[PO Jasa Aktual (tanggal)]]<>"",Table1[[#This Row],[PO Jasa Aktual (tanggal)]]<Table1[[#This Row],[PLAN PR-PO BPM Jasa finish]]),"Sudah, OnSchedule",IF(AND(Table1[[#This Row],[PO Jasa Aktual (tanggal)]]<>"",Table1[[#This Row],[PO Jasa Aktual (tanggal)]]>Table1[[#This Row],[PLAN PR-PO BPM Jasa finish]]),"Sudah, Delay")))) -> Sudah, Delay | DS7: 45208 | DT7: #N/A | DU7: 45235 | DV7: #N/A | EA7: =IF(AND(Table1[[#This Row],[PR Material Aktual (tanggal)]]="",Table1[[#This Row],[PLAN PR-PO BPM Material finish]]>NOW()),"Belum, OnSchedule",IF(AND(Table1[[#This Row],[PR Material Aktual (tanggal)]]="",Table1[[#This Row],[PLAN PR-PO BPM Material finish]]<NOW()),"Belum, Delay",IF(AND(Table1[[#This Row],[PR Material Aktual (tanggal)]]<>"",Table1[[#This Row],[PR Material Aktual (tanggal)]]<Table1[[#This Row],[PLAN PR-PO BPM Material finish]]),"Sudah, OnSchedule",IF(AND(Table1[[#This Row],[PR Material Aktual (tanggal)]]<>"",Table1[[#This Row],[PR Material Aktual (tanggal)]]>Table1[[#This Row],[PLAN PR-PO BPM Material finish]]),"Sudah, Delay")))) -> Belum, Delay | EF7: 1 | EG7: 1 | EH7: =IF(Table1[[#This Row],[PO Material Aktual (%)]]>=100%,"Selesai PO = 100%",IF(Table1[[#This Row],[PO Material Aktual (%)]]>=50%,"Proses PO > 100%",IF(Table1[[#This Row],[PO Material Aktual (%)]]>0%,"Proses PO > 50%",IF(Table1[[#This Row],[PO Material Aktual (%)]]=0,"Belum PO = 0%")))) -> Selesai PO = 100% | EI7: =IF(AND(Table1[[#This Row],[Tanggal Selesai PO Material]]="",Table1[[#This Row],[PLAN PR-PO BPM Material finish]]>=NOW()),"Belum, OnSchedule",IF(AND(Table1[[#This Row],[Tanggal Selesai PO Material]]="",Table1[[#This Row],[PLAN PR-PO BPM Material finish]]<NOW()),"Belum, Delay",IF(AND(Table1[[#This Row],[Tanggal Selesai PO Material]]<>"",Table1[[#This Row],[Tanggal Selesai PO Material]]<=Table1[[#This Row],[PLAN PR-PO BPM Material finish]]),"Sudah, OnSchedule",IF(AND(Table1[[#This Row],[Tanggal Selesai PO Material]]<>"",Table1[[#This Row],[Tanggal Selesai PO Material]]>Table1[[#This Row],[PLAN PR-PO BPM Material finish]]),"Sudah, Delay")))) -> Belum, Delay | EJ7: 45236 | EK7: #N/A | EL7: 45291 | EM7: #N/A | EQ7: 1 | ER7: 1 | ES7: =IF(Table1[[#This Row],[Progres MOS]]>=100%,"Selesai MOS = 100%",IF(Table1[[#This Row],[Progres MOS]]>=50%,"Proses MOS > 100%",IF(Table1[[#This Row],[Progres MOS]]>0%,"Proses MOS > 50%",IF(Table1[[#This Row],[Progres MOS]]=0,"Belum MOS = 0%")))) -> Selesai MOS = 100% | ET7: =IF(AND(Table1[[#This Row],[Tanggal Selesai MOS]]="",Table1[[#This Row],[PLAN MOS finish]]>=NOW()),"Belum, OnSchedule",IF(AND(Table1[[#This Row],[Tanggal Selesai MOS]]="",Table1[[#This Row],[PLAN MOS finish]]<NOW()),"Belum, Delay",IF(AND(Table1[[#This Row],[Tanggal Selesai MOS]]<>"",Table1[[#This Row],[Tanggal Selesai MOS]]<=Table1[[#This Row],[PLAN MOS finish]]),"Sudah, OnSchedule",IF(AND(Table1[[#This Row],[Tanggal Selesai MOS]]<>"",Table1[[#This Row],[Tanggal Selesai MOS]]>Table1[[#This Row],[PLAN MOS finish]]),"Sudah, Delay")))) -> Belum, Delay | EV7: 45208 | EW7: #N/A | EX7: 45256 | EY7: #N/A | EZ7: 10.Izin Terbit | FA7: 10.Izin Terbit | FB7: Sudah | FD7: Sudah | FG7: Sudah | FH7: Sudah | FJ7: Sudah | FL7: 10.Izin Terbit | FN7: =IF(Table1[[#This Row],[Tanggal Pengajuan Dokumen]]="","",Table1[[#This Row],[PLAN PERMIT start]]-Table1[[#This Row],[Tanggal Pengajuan Dokumen]]) | FS7: =IF(COUNTIF(EZ7:FR7,"*terbit*")>=1,"Sudah Terbit","On Going") -> Sudah Terbit | FT7: =IF(ISNUMBER(SEARCH("On Going",Table1[[#This Row],[Status Perizinan]])),"On Going",IF(ISNUMBER(SEARCH("Sudah Terbit",Table1[[#This Row],[Status Perizinan]])),"Selesai",IF(NOW()<Table1[[#This Row],[PLAN PERMIT start]],"Belum",IF(AND(NOW()>=Table1[[#This Row],[PLAN PERMIT start]],NOW()<=Table1[[#This Row],[PLAN PERMIT finish]]),"On Going","Terlambat")))) -> Selesai | FU7: =IF(Table1[[#This Row],[Status Izin]]="Selesai",Table1[[#This Row],[PLAN PERMIT finish]]-Table1[[#This Row],[Tanggal Terbit/ Target Izin Terbit]],ROUNDUP(Table1[[#This Row],[PLAN PERMIT finish]]-NOW(),0)) -> 45256 | FV7: =IF(Table1[[#This Row],[Tanggal Terbit/ Target Izin Terbit]]="","Delay",IF(Table1[[#This Row],[Tanggal Terbit/ Target Izin Terbit]]<Table1[[#This Row],[PLAN PERMIT start]],"Ahead",IF(AND(Table1[[#This Row],[PLAN PERMIT start]]<=Table1[[#This Row],[Tanggal Terbit/ Target Izin Terbit]],Table1[[#This Row],[PLAN PERMIT finish]]>=Table1[[#This Row],[Tanggal Terbit/ Target Izin Terbit]]),"On Schedule",IF(Table1[[#This Row],[Tanggal Terbit/ Target Izin Terbit]]>Table1[[#This Row],[PLAN PERMIT finish]],"Delay")))) -> Delay | GA7: =IF(AND(Table1[[#This Row],[Aktual DPPK]]="",Table1[[#This Row],[PLAN Penyerahan DPPK]]>NOW()),"Belum, OnSchedule",IF(AND(Table1[[#This Row],[Aktual DPPK]]="",Table1[[#This Row],[PLAN Penyerahan DPPK]]<NOW()),"Belum, Delay",IF(AND(Table1[[#This Row],[Aktual DPPK]]<>"",Table1[[#This Row],[Aktual DPPK]]<=Table1[[#This Row],[PLAN Penyerahan DPPK]]),"Sudah, OnSchedule",IF(AND(Table1[[#This Row],[Aktual DPPK]]<>"",Table1[[#This Row],[Aktual DPPK]]>Table1[[#This Row],[PLAN Penyerahan DPPK]]),"Sudah, Delay")))) -> Belum, Delay | GB7: 45230 | GC7: 45215 | GD7: =IF(AND(Table1[[#This Row],[Tanggal Aktual PCM]]="",Table1[[#This Row],[PLAN PCM]]>NOW()),"Belum, OnSchedule",IF(AND(Table1[[#This Row],[Tanggal Aktual PCM]]="",Table1[[#This Row],[PLAN PCM]]<NOW()),"Belum, Delay",IF(AND(Table1[[#This Row],[Tanggal Aktual PCM]]<>"",Table1[[#This Row],[Tanggal Aktual PCM]]<=Table1[[#This Row],[PLAN PCM]]),"Sudah, OnSchedule",IF(AND(Table1[[#This Row],[Tanggal Aktual PCM]]<>"",Table1[[#This Row],[Tanggal Aktual PCM]]>=Table1[[#This Row],[PLAN PCM]]),"Sudah, Delay")))) -> Sudah, OnSchedule | GE7: 45237 | GF7: 45215 | GG7: =IF(AND(Table1[[#This Row],[Tanggal Aktual Kick Off]]="",Table1[[#This Row],[PLAN Kick Off]]>NOW()),"Belum, OnSchedule",IF(AND(Table1[[#This Row],[Tanggal Aktual Kick Off]]="",Table1[[#This Row],[PLAN Kick Off]]<NOW()),"Belum, Delay",IF(AND(Table1[[#This Row],[Tanggal Aktual Kick Off]]<>"",Table1[[#This Row],[Tanggal Aktual Kick Off]]<=Table1[[#This Row],[PLAN Kick Off]]),"Sudah, OnSchedule",IF(AND(Table1[[#This Row],[Tanggal Aktual Kick Off]]<>"",Table1[[#This Row],[Tanggal Aktual Kick Off]]>=Table1[[#This Row],[PLAN Kick Off]]),"Sudah, Delay")))) -> Sudah, OnSchedule | GH7: 45243 | GI7: 45249 | GJ7: 45030 | GK7: =IF(AND(Table1[[#This Row],[Tanggal Aktual MC-0]]="",Table1[[#This Row],[PLAN MC-0 finish]]>NOW()),"Belum, OnSchedule",IF(AND(Table1[[#This Row],[Tanggal Aktual MC-0]]="",Table1[[#This Row],[PLAN MC-0 finish]]<NOW()),"Belum, Delay",IF(AND(Table1[[#This Row],[Tanggal Aktual MC-0]]<>"",Table1[[#This Row],[Tanggal Aktual MC-0]]<Table1[[#This Row],[PLAN MC-0 finish]]),"Sudah, OnSchedule",IF(AND(Table1[[#This Row],[Tanggal Aktual MC-0]]<>"",Table1[[#This Row],[Tanggal Aktual MC-0]]>Table1[[#This Row],[PLAN MC-0 finish]]),"Sudah, Delay")))) -> Sudah, OnSchedule | GL7: 45257 | GM7: #N/A | GN7: 45333 | GO7: #N/A | GQ7: =IF(AND(Table1[[#This Row],[Aktual Selesai Konstruksi* (tanggal)]]="",Table1[[#This Row],[PLAN KONSTRUKSI finish]]>NOW()),"Belum, OnSchedule",IF(AND(Table1[[#This Row],[Aktual Selesai Konstruksi* (tanggal)]]="",Table1[[#This Row],[PLAN KONSTRUKSI finish]]<NOW()),"Belum, Delay",IF(AND(Table1[[#This Row],[Aktual Selesai Konstruksi* (tanggal)]]<>"",Table1[[#This Row],[Aktual Selesai Konstruksi* (tanggal)]]<Table1[[#This Row],[PLAN KONSTRUKSI finish]]),"Sudah, OnSchedule",IF(AND(Table1[[#This Row],[Aktual Selesai Konstruksi* (tanggal)]]<>"",Table1[[#This Row],[Aktual Selesai Konstruksi* (tanggal)]]>Table1[[#This Row],[PLAN KONSTRUKSI finish]]),"Sudah, Delay")))) -> Belum, Delay | GR7: - | GS7: - | GT7: 45288 | GU7: =IF(Table1[[#This Row],[Hydro Tes Actual (tanggal)]]<>"","Sudah","Belum") -> Sudah | GV7: - | GW7: - | GX7: 45342 | GY7: =IF(Table1[[#This Row],[Interkoneksi Actual (tanggal)]]<>"","Sudah","Belum") -> Sudah | GZ7: - | HA7: - | HB7: 44965 | HC7: =IF(Table1[[#This Row],[Flushing Actual (tanggal)]]<>"","Sudah","Belum") -> Sudah | HD7: 45320 | HE7: #N/A | HF7: 45326 | HG7: 45351 | HH7: =IF(AND(Table1[[#This Row],[TC Aktual (tanggal)]]="",Table1[[#This Row],[PLAN TC finish]]>NOW()),"Belum, OnSchedule",IF(AND(Table1[[#This Row],[TC Aktual (tanggal)]]="",Table1[[#This Row],[PLAN TC finish]]<NOW()),"Belum, Delay",IF(AND(Table1[[#This Row],[TC Aktual (tanggal)]]<>"",Table1[[#This Row],[TC Aktual (tanggal)]]<Table1[[#This Row],[PLAN TC finish]]),"Sudah, OnSchedule",IF(AND(Table1[[#This Row],[TC Aktual (tanggal)]]<>"",Table1[[#This Row],[TC Aktual (tanggal)]]>Table1[[#This Row],[PLAN TC finish]]),"Sudah, Delay")))) -> Sudah, Delay | HI7: - | HJ7: - | HM7: 45338 | HN7: 45338 | HO7: #N/A | HQ7: 45358 | HR7: =IF(AND(Table1[[#This Row],[BA MC-100 Aktual (Verifikasi)]]="",Table1[[#This Row],[PLAN MC-100 finish]]>NOW()),"Belum, OnSchedule",IF(AND(Table1[[#This Row],[BA MC-100 Aktual (Verifikasi)]]="",Table1[[#This Row],[PLAN MC-100 finish]]<NOW()),"Belum, Delay",IF(AND(Table1[[#This Row],[BA MC-100 Aktual (Verifikasi)]]<>"",Table1[[#This Row],[BA MC-100 Aktual (Verifikasi)]]<Table1[[#This Row],[PLAN MC-100 finish]]),"Sudah, OnSchedule",IF(AND(Table1[[#This Row],[BA MC-100 Aktual (Verifikasi)]]<>"",Table1[[#This Row],[BA MC-100 Aktual (Verifikasi)]]>Table1[[#This Row],[PLAN MC-100 finish]]),"Sudah, Delay")))) -> Sudah, Delay | HS7: 45345 | HU7: 45345 | HW7: 45714 | HX7: =IF(AND(Table1[[#This Row],[Aktual Submit DPPP (tanggal)]]="",Table1[[#This Row],[PLAN DPPP finish]]>NOW()),"Belum, OnSchedule",IF(AND(Table1[[#This Row],[Aktual Submit DPPP (tanggal)]]="",Table1[[#This Row],[PLAN DPPP finish]]<NOW()),"Belum, Delay",IF(AND(Table1[[#This Row],[Aktual Submit DPPP (tanggal)]]<>"",Table1[[#This Row],[Aktual Submit DPPP (tanggal)]]<Table1[[#This Row],[PLAN DPPP finish]]),"Sudah, OnSchedule",IF(AND(Table1[[#This Row],[Aktual Submit DPPP (tanggal)]]<>"",Table1[[#This Row],[Aktual Submit DPPP (tanggal)]]>Table1[[#This Row],[PLAN DPPP finish]]),"Sudah, Delay")))) -> Sudah, Delay | IC7: =IFERROR(ROUND((Table1[[#This Row],[PLAN TC finish]]-Table1[[#This Row],[PLAN MC-0 start]])/30,2),"") -> 2.77 | ID7: =DATEDIF(Table1[[#This Row],[PLAN MC-0 start]],Table1[[#This Row],[PLAN TC finish]],"m") -> 2
B8: =SUBTOTAL(3,$D$5:D8) -> 4 | C8: 4 | D8: SPAM Jatiluhur Hilir | E8: 23ABJNINJT095.C01 | F8: PC 095 Kebon Kosong Paket 1 | G8: 45752 | H8: MS | I8: JDU+JDB+JDL | K8: Muhrojin | L8: Pipa | M8: PMO 1 | N8: 1234 | O8: m | P8: =IF(NOW()>Table1[[#This Row],[PLAN MC-100 start]],"Selesai Fisik dan Dokumen",IF(AND(Table1[[#This Row],[PLAN MC-100 start]]<=NOW(),NOW()<=Table1[[#This Row],[PLAN MC-100 finish]]),"MC-100",IF(AND(Table1[[#This Row],[PLAN TC start]]<=NOW(),NOW()<=Table1[[#This Row],[PLAN TC finish]]),"Tes Com",IF(AND(Table1[[#This Row],[PLAN KONSTRUKSI start]]<=NOW(),NOW()<=Table1[[#This Row],[PLAN KONSTRUKSI finish]]),"Proses Konstruksi",IF(AND(Table1[[#This Row],[PLAN MOS start]]<=NOW(),NOW()<=Table1[[#This Row],[PLAN MOS finish]]),"Proses MOS",IF(AND(Table1[[#This Row],[PLAN MC-0 start]]<=NOW(),NOW()<=Table1[[#This Row],[PLAN MC-0 finish]]),"MC-0",IF(AND(Table1[[#This Row],[PLAN PR-PO BPM Jasa start]]<=NOW(),NOW()<=Table1[[#This Row],[PLAN PR-PO BPM Material finish]]),"PR-PO BPM",IF(AND(Table1[[#This Row],[PLAN PR-PO ABJ start]]<=NOW(),NOW()<=Table1[[#This Row],[PLAN PR-PO ABJ finish]]),"PR-PO ABJ",IF(NOW()<Table1[[#This Row],[PLAN PR-PO ABJ finish]],"Persiapan",""))))))))) -> Selesai Fisik dan Dokumen | Q8: =IF(LEFT(Table1[[#This Row],[Review DPPP]],5)="Sudah","DPPP",IF(LEFT(Table1[[#This Row],[Review MC-100]],5)="Sudah","MC-100",IF(LEFT(Table1[[#This Row],[Status TC]],5)="Sudah","Tes Com",IF(Table1[[#This Row],[Status Flushing]]="Sudah","Flushing",IF(Table1[[#This Row],[Total Panjang Pipa Aktual (Sum->)3]]>0,"Proses Konstruksi",IF(LEFT(Table1[[#This Row],[Review MC-0]],5)="Sudah","MC-0",IF(LEFT(Table1[[#This Row],[Review Kick Off]],5)="Sudah","Kick Off Meeting",IF(LEFT(Table1[[#This Row],[Review PCM]],5)="Sudah","PCM",IF(LEFT(Table1[[#This Row],[Status MOS]],10)="Proses MOS","Proses MOS",IF(LEFT(Table1[[#This Row],[Review PO Jasa BPM]],5)="Sudah","PO Jasa BPM",IF(LEFT(Table1[[#This Row],[Review PR Jasa BPM]],5)="Sudah","PR Jasa BPM",IF(LEFT(Table1[[#This Row],[Review PO Material BPM]],5)="Sudah","PO Material BPM",IF(LEFT(Table1[[#This Row],[Review PR Material BPM]],5)="Sudah","PR Material BPM",IF(LEFT(Table1[[#This Row],[Review PO ABJ]],5)="Sudah","PO ABJ",IF(LEFT(Table1[[#This Row],[Review PR ABJ]],5)="Sudah","PR ABJ","Persiapan"))))))))))))))) -> DPPP | R8: #N/A | S8: 1 | T8: =Table1[[#This Row],[Progres Total Aktual (%)]] -> 1 | U8: =Table1[[#This Row],[Progres Aktual (%)]]-Table1[[#This Row],[Target Progres (%)]] -> 0 | V8: =Table1[[#This Row],["Volume BA MC-0"]] -> 1215 | W8: =Table1[[#This Row],[Total Panjang Pipa Aktual (Sum->)3]] -> 1215 | Y8: Kebon Kosong - Paket 1 (RW 4) | Z8: 1511883276 | AA8: =ROUND((Table1[[#This Row],[Nilai RAB Jaringan (Exclude Ppn)]]-Table1[[#This Row],[RAB Perizinan]])*1.11+Table1[[#This Row],[RAB Perizinan]],0) -> 0 | AB8: =SUM(Table1[[#This Row],[RAB Kegiatan Umum]:[RAB Perizinan]]) -> 0 | AG8: 1024974000 | AH8: =SUM(Table1[[#This Row],[Bobot Keg Umum]:[Bobot Perizinan]]) -> #DIV/0! | AI8: =Table1[[#This Row],[RAB Kegiatan Umum]]/Table1[[#This Row],[Nilai RAB Jaringan (Exclude Ppn)]] -> #DIV/0! | AJ8: =Table1[[#This Row],[RAB Pemasangan]]/Table1[[#This Row],[Nilai RAB Jaringan (Exclude Ppn)]] -> #DIV/0! | AK8: =Table1[[#This Row],[RAB Pengadaan]]/Table1[[#This Row],[Nilai RAB Jaringan (Exclude Ppn)]] -> #DIV/0! | AL8: =Table1[[#This Row],[RAB Perizinan]]/Table1[[#This Row],[Nilai RAB Jaringan (Exclude Ppn)]] -> #DIV/0! | AN8: 1215 | AO8: =SUM(Table1[[#This Row],[Pipa 63 mm]:[Pipa 1,800 mm]]) -> 0 | BJ8: =SUM(Table1[[#This Row],[Pipa 63 mm2]:[Pipa 1,800 mm21]]) -> 1215 | BL8: 611 | BM8: 382 | BN8: 210 | BO8: 12 | CE8: 0 | CI8: =SUM(CE8:CH8) -> 0 | CJ8: =IF((Table1[[#This Row],["Volume BA MC-0"]]-Table1[[#This Row],[Total Panjang Pipa Aktual (Sum->)3]]-Table1[[#This Row],[Total Volume tidak dapat dipasang]])>=0,Table1[[#This Row],["Volume BA MC-0"]]-Table1[[#This Row],[Total Panjang Pipa Aktual (Sum->)3]]-Table1[[#This Row],[Total Volume tidak dapat dipasang]],0) -> 0 | CP8: =IFERROR(IF(Table1[[#This Row],[Nilai RNA Update]]>0,Table1[[#This Row],[Nilai RNA Update]]/Table1[[#This Row],[Nilai RNA Update]],IF(Table1[[#This Row],[VOWD Total (Rp)]]=0,IF(LEFT(Table1[[#This Row],[Review PO Material BPM]],5)="Sudah",Table1[[#This Row],[Progres MOS]]*80%*Table1[[#This Row],[Bobot Pengadaan]],Table1[[#This Row],[Progres MOS]]*60%*Table1[[#This Row],[Bobot Pengadaan]]),Table1[[#This Row],[VOWD Total (Rp)]]/Table1[[#This Row],[Kontrol Nilai RAB Jaringan (Include Ppn)]])),0) -> 1 | CQ8: =IFERROR(Table1[[#This Row],[Progres Keg. Umum (%)]]*Table1[[#This Row],[Nilai RAB Jaringan (file pa aji)]],0) -> 0 | CR8: =IFERROR(Table1[[#This Row],[Progres MOS (%)]]*Table1[[#This Row],[Nilai RAB Jaringan (file pa aji)]],0) -> 0 | CS8: =IFERROR(Table1[[#This Row],[Progres Pemasangan (%)]]*Table1[[#This Row],[Nilai RAB Jaringan (file pa aji)]],0) -> 0 | CT8: =IFERROR(Table1[[#This Row],[Progres Perizinan (%)]]*Table1[[#This Row],[Nilai RAB Jaringan (file pa aji)]],0) -> 0 | CU8: 2042804053 | CV8: 2042804053 | CW8: 2042804053 | CX8: =_xlfn.XLOOKUP(Table1[[#This Row],[Kode Program]],'[1]Breakdown VOWD Greenfield'!$E:$E,'[1]Breakdown VOWD Greenfield'!$AT:$AT) -> 2042804053 | CZ8: 45102 | DA8: 45129 | DB8: 45161 | DC8: AJC/2023/08/Q800/237 | DD8: 1511883275 | DE8: =IF(AND(Table1[[#This Row],[PR Aktual (tanggal)]]="",Table1[[#This Row],[PLAN PR-PO ABJ finish]]>=NOW()),"Belum, OnSchedule",IF(AND(Table1[[#This Row],[PR Aktual (tanggal)]]="",Table1[[#This Row],[PLAN PR-PO ABJ finish]]<NOW()),"Belum, Delay",IF(AND(Table1[[#This Row],[PR Aktual (tanggal)]]<>"",Table1[[#This Row],[PR Aktual (tanggal)]]<=Table1[[#This Row],[PLAN PR-PO ABJ finish]]),"Sudah, OnSchedule",IF(AND(Table1[[#This Row],[PR Aktual (tanggal)]]<>"",Table1[[#This Row],[PR Aktual (tanggal)]]>Table1[[#This Row],[PLAN PR-PO ABJ finish]]),"Sudah, Delay")))) -> Sudah, Delay | DF8: 45257 | DG8: AJCPOV-2300087 | DH8: 1511883275 | DI8: =IF(AND(Table1[[#This Row],[PO Aktual (tanggal)]]="",Table1[[#This Row],[PLAN PR-PO ABJ finish]]>NOW()),"Belum, OnSchedule",IF(AND(Table1[[#This Row],[PO Aktual (tanggal)]]="",Table1[[#This Row],[PLAN PR-PO ABJ finish]]<NOW()),"Belum, Delay",IF(AND(Table1[[#This Row],[PO Aktual (tanggal)]]<>"",Table1[[#This Row],[PO Aktual (tanggal)]]<Table1[[#This Row],[PLAN PR-PO ABJ finish]]),"Sudah, OnSchedule",IF(AND(Table1[[#This Row],[PO Aktual (tanggal)]]<>"",Table1[[#This Row],[PO Aktual (tanggal)]]>Table1[[#This Row],[PLAN PR-PO ABJ finish]]),"Sudah, Delay")))) -> Sudah, Delay | DJ8: 45130 | DK8: 45171 | DN8: =IF(AND(Table1[[#This Row],[PR Jasa Aktual (tanggal)]]="",Table1[[#This Row],[PLAN PR-PO BPM Jasa finish]]>NOW()),"Belum, OnSchedule",IF(AND(Table1[[#This Row],[PR Jasa Aktual (tanggal)]]="",Table1[[#This Row],[PLAN PR-PO BPM Jasa finish]]<NOW()),"Belum, Delay",IF(AND(Table1[[#This Row],[PR Jasa Aktual (tanggal)]]<>"",Table1[[#This Row],[PR Jasa Aktual (tanggal)]]<=Table1[[#This Row],[PLAN PR-PO BPM Jasa finish]]),"Sudah, OnSchedule",IF(AND(Table1[[#This Row],[PR Jasa Aktual (tanggal)]]<>"",Table1[[#This Row],[PR Jasa Aktual (tanggal)]]>Table1[[#This Row],[PLAN PR-PO BPM Jasa finish]]),"Sudah, Delay")))) -> Belum, Delay | DR8: =IF(AND(Table1[[#This Row],[PO Jasa Aktual (tanggal)]]="",Table1[[#This Row],[PLAN PR-PO BPM Jasa finish]]>NOW()),"Belum, OnSchedule",IF(AND(Table1[[#This Row],[PO Jasa Aktual (tanggal)]]="",Table1[[#This Row],[PLAN PR-PO BPM Jasa finish]]<NOW()),"Belum, Delay",IF(AND(Table1[[#This Row],[PO Jasa Aktual (tanggal)]]<>"",Table1[[#This Row],[PO Jasa Aktual (tanggal)]]<Table1[[#This Row],[PLAN PR-PO BPM Jasa finish]]),"Sudah, OnSchedule",IF(AND(Table1[[#This Row],[PO Jasa Aktual (tanggal)]]<>"",Table1[[#This Row],[PO Jasa Aktual (tanggal)]]>Table1[[#This Row],[PLAN PR-PO BPM Jasa finish]]),"Sudah, Delay")))) -> Belum, Delay | DS8: 45130 | DT8: #N/A | DU8: 45171 | DV8: #N/A | EA8: =IF(AND(Table1[[#This Row],[PR Material Aktual (tanggal)]]="",Table1[[#This Row],[PLAN PR-PO BPM Material finish]]>NOW()),"Belum, OnSchedule",IF(AND(Table1[[#This Row],[PR Material Aktual (tanggal)]]="",Table1[[#This Row],[PLAN PR-PO BPM Material finish]]<NOW()),"Belum, Delay",IF(AND(Table1[[#This Row],[PR Material Aktual (tanggal)]]<>"",Table1[[#This Row],[PR Material Aktual (tanggal)]]<Table1[[#This Row],[PLAN PR-PO BPM Material finish]]),"Sudah, OnSchedule",IF(AND(Table1[[#This Row],[PR Material Aktual (tanggal)]]<>"",Table1[[#This Row],[PR Material Aktual (tanggal)]]>Table1[[#This Row],[PLAN PR-PO BPM Material finish]]),"Sudah, Delay")))) -> Belum, Delay | EF8: 1 | EG8: 1 | EH8: =IF(Table1[[#This Row],[PO Material Aktual (%)]]>=100%,"Selesai PO = 100%",IF(Table1[[#This Row],[PO Material Aktual (%)]]>=50%,"Proses PO > 100%",IF(Table1[[#This Row],[PO Material Aktual (%)]]>0%,"Proses PO > 50%",IF(Table1[[#This Row],[PO Material Aktual (%)]]=0,"Belum PO = 0%")))) -> Selesai PO = 100% | EI8: =IF(AND(Table1[[#This Row],[Tanggal Selesai PO Material]]="",Table1[[#This Row],[PLAN PR-PO BPM Material finish]]>=NOW()),"Belum, OnSchedule",IF(AND(Table1[[#This Row],[Tanggal Selesai PO Material]]="",Table1[[#This Row],[PLAN PR-PO BPM Material finish]]<NOW()),"Belum, Delay",IF(AND(Table1[[#This Row],[Tanggal Selesai PO Material]]<>"",Table1[[#This Row],[Tanggal Selesai PO Material]]<=Table1[[#This Row],[PLAN PR-PO BPM Material finish]]),"Sudah, OnSchedule",IF(AND(Table1[[#This Row],[Tanggal Selesai PO Material]]<>"",Table1[[#This Row],[Tanggal Selesai PO Material]]>Table1[[#This Row],[PLAN PR-PO BPM Material finish]]),"Sudah, Delay")))) -> Belum, Delay | EJ8: 45137 | EK8: #N/A | EL8: 45227 | EM8: #N/A | EQ8: 1 | ER8: 1 | ES8: =IF(Table1[[#This Row],[Progres MOS]]>=100%,"Selesai MOS = 100%",IF(Table1[[#This Row],[Progres MOS]]>=50%,"Proses MOS > 100%",IF(Table1[[#This Row],[Progres MOS]]>0%,"Proses MOS > 50%",IF(Table1[[#This Row],[Progres MOS]]=0,"Belum MOS = 0%")))) -> Selesai MOS = 100% | ET8: =IF(AND(Table1[[#This Row],[Tanggal Selesai MOS]]="",Table1[[#This Row],[PLAN MOS finish]]>=NOW()),"Belum, OnSchedule",IF(AND(Table1[[#This Row],[Tanggal Selesai MOS]]="",Table1[[#This Row],[PLAN MOS finish]]<NOW()),"Belum, Delay",IF(AND(Table1[[#This Row],[Tanggal Selesai MOS]]<>"",Table1[[#This Row],[Tanggal Selesai MOS]]<=Table1[[#This Row],[PLAN MOS finish]]),"Sudah, OnSchedule",IF(AND(Table1[[#This Row],[Tanggal Selesai MOS]]<>"",Table1[[#This Row],[Tanggal Selesai MOS]]>Table1[[#This Row],[PLAN MOS finish]]),"Sudah, Delay")))) -> Belum, Delay | EV8: 45130 | EW8: #N/A | EX8: 45199 | EY8: #N/A | EZ8: 10.Izin Terbit | FA8: 10.Izin Terbit | FB8: Sudah | FC8: TIDAK PERLU | FD8: TIDAK PERLU | FE8: TIDAK PERLU | FF8: TIDAK PERLU | FG8: TIDAK PERLU | FH8: TIDAK PERLU | FI8: TIDAK PERLU | FJ8: TIDAK PERLU | FK8: SUDAH | FL8: 10.Izin Terbit | FN8: =IF(Table1[[#This Row],[Tanggal Pengajuan Dokumen]]="","",Table1[[#This Row],[PLAN PERMIT start]]-Table1[[#This Row],[Tanggal Pengajuan Dokumen]]) | FS8: =IF(COUNTIF(EZ8:FR8,"*terbit*")>=1,"Sudah Terbit","On Going") -> Sudah Terbit | FT8: =IF(ISNUMBER(SEARCH("On Going",Table1[[#This Row],[Status Perizinan]])),"On Going",IF(ISNUMBER(SEARCH("Sudah Terbit",Table1[[#This Row],[Status Perizinan]])),"Selesai",IF(NOW()<Table1[[#This Row],[PLAN PERMIT start]],"Belum",IF(AND(NOW()>=Table1[[#This Row],[PLAN PERMIT start]],NOW()<=Table1[[#This Row],[PLAN PERMIT finish]]),"On Going","Terlambat")))) -> Selesai | FU8: =IF(Table1[[#This Row],[Status Izin]]="Selesai",Table1[[#This Row],[PLAN PERMIT finish]]-Table1[[#This Row],[Tanggal Terbit/ Target Izin Terbit]],ROUNDUP(Table1[[#This Row],[PLAN PERMIT finish]]-NOW(),0)) -> 45199 | FV8: =IF(Table1[[#This Row],[Tanggal Terbit/ Target Izin Terbit]]="","Delay",IF(Table1[[#This Row],[Tanggal Terbit/ Target Izin Terbit]]<Table1[[#This Row],[PLAN PERMIT start]],"Ahead",IF(AND(Table1[[#This Row],[PLAN PERMIT start]]<=Table1[[#This Row],[Tanggal Terbit/ Target Izin Terbit]],Table1[[#This Row],[PLAN PERMIT finish]]>=Table1[[#This Row],[Tanggal Terbit/ Target Izin Terbit]]),"On Schedule",IF(Table1[[#This Row],[Tanggal Terbit/ Target Izin Terbit]]>Table1[[#This Row],[PLAN PERMIT finish]],"Delay")))) -> Delay | GA8: =IF(AND(Table1[[#This Row],[Aktual DPPK]]="",Table1[[#This Row],[PLAN Penyerahan DPPK]]>NOW()),"Belum, OnSchedule",IF(AND(Table1[[#This Row],[Aktual DPPK]]="",Table1[[#This Row],[PLAN Penyerahan DPPK]]<NOW()),"Belum, Delay",IF(AND(Table1[[#This Row],[Aktual DPPK]]<>"",Table1[[#This Row],[Aktual DPPK]]<=Table1[[#This Row],[PLAN Penyerahan DPPK]]),"Sudah, OnSchedule",IF(AND(Table1[[#This Row],[Aktual DPPK]]<>"",Table1[[#This Row],[Aktual DPPK]]>Table1[[#This Row],[PLAN Penyerahan DPPK]]),"Sudah, Delay")))) -> Belum, Delay | GB8: 45823 | GC8: 45914 | GD8: =IF(AND(Table1[[#This Row],[Tanggal Aktual PCM]]="",Table1[[#This Row],[PLAN PCM]]>NOW()),"Belum, OnSchedule",IF(AND(Table1[[#This Row],[Tanggal Aktual PCM]]="",Table1[[#This Row],[PLAN PCM]]<NOW()),"Belum, Delay",IF(AND(Table1[[#This Row],[Tanggal Aktual PCM]]<>"",Table1[[#This Row],[Tanggal Aktual PCM]]<=Table1[[#This Row],[PLAN PCM]]),"Sudah, OnSchedule",IF(AND(Table1[[#This Row],[Tanggal Aktual PCM]]<>"",Table1[[#This Row],[Tanggal Aktual PCM]]>=Table1[[#This Row],[PLAN PCM]]),"Sudah, Delay")))) -> Sudah, Delay | GE8: 45823 | GF8: 45914 | GG8: =IF(AND(Table1[[#This Row],[Tanggal Aktual Kick Off]]="",Table1[[#This Row],[PLAN Kick Off]]>NOW()),"Belum, OnSchedule",IF(AND(Table1[[#This Row],[Tanggal Aktual Kick Off]]="",Table1[[#This Row],[PLAN Kick Off]]<NOW()),"Belum, Delay",IF(AND(Table1[[#This Row],[Tanggal Aktual Kick Off]]<>"",Table1[[#This Row],[Tanggal Aktual Kick Off]]<=Table1[[#This Row],[PLAN Kick Off]]),"Sudah, OnSchedule",IF(AND(Table1[[#This Row],[Tanggal Aktual Kick Off]]<>"",Table1[[#This Row],[Tanggal Aktual Kick Off]]>=Table1[[#This Row],[PLAN Kick Off]]),"Sudah, Delay")))) -> Sudah, Delay | GH8: 45817 | GI8: 45823 | GJ8: 45090 | GK8: =IF(AND(Table1[[#This Row],[Tanggal Aktual MC-0]]="",Table1[[#This Row],[PLAN MC-0 finish]]>NOW()),"Belum, OnSchedule",IF(AND(Table1[[#This Row],[Tanggal Aktual MC-0]]="",Table1[[#This Row],[PLAN MC-0 finish]]<NOW()),"Belum, Delay",IF(AND(Table1[[#This Row],[Tanggal Aktual MC-0]]<>"",Table1[[#This Row],[Tanggal Aktual MC-0]]<Table1[[#This Row],[PLAN MC-0 finish]]),"Sudah, OnSchedule",IF(AND(Table1[[#This Row],[Tanggal Aktual MC-0]]<>"",Table1[[#This Row],[Tanggal Aktual MC-0]]>Table1[[#This Row],[PLAN MC-0 finish]]),"Sudah, Delay")))) -> Sudah, OnSchedule | GL8: 45200 | GM8: #N/A | GN8: 45262 | GO8: #N/A | GQ8: =IF(AND(Table1[[#This Row],[Aktual Selesai Konstruksi* (tanggal)]]="",Table1[[#This Row],[PLAN KONSTRUKSI finish]]>NOW()),"Belum, OnSchedule",IF(AND(Table1[[#This Row],[Aktual Selesai Konstruksi* (tanggal)]]="",Table1[[#This Row],[PLAN KONSTRUKSI finish]]<NOW()),"Belum, Delay",IF(AND(Table1[[#This Row],[Aktual Selesai Konstruksi* (tanggal)]]<>"",Table1[[#This Row],[Aktual Selesai Konstruksi* (tanggal)]]<Table1[[#This Row],[PLAN KONSTRUKSI finish]]),"Sudah, OnSchedule",IF(AND(Table1[[#This Row],[Aktual Selesai Konstruksi* (tanggal)]]<>"",Table1[[#This Row],[Aktual Selesai Konstruksi* (tanggal)]]>Table1[[#This Row],[PLAN KONSTRUKSI finish]]),"Sudah, Delay")))) -> Belum, Delay | GR8: - | GS8: - | GT8: 45253 | GU8: =IF(Table1[[#This Row],[Hydro Tes Actual (tanggal)]]<>"","Sudah","Belum") -> Sudah | GV8: - | GW8: - | GX8: 45232 | GY8: =IF(Table1[[#This Row],[Interkoneksi Actual (tanggal)]]<>"","Sudah","Belum") -> Sudah | GZ8: - | HA8: - | HB8: 45255 | HC8: =IF(Table1[[#This Row],[Flushing Actual (tanggal)]]<>"","Sudah","Belum") -> Sudah | HD8: 45263 | HE8: #N/A | HF8: 45269 | HG8: 45303 | HH8: =IF(AND(Table1[[#This Row],[TC Aktual (tanggal)]]="",Table1[[#This Row],[PLAN TC finish]]>NOW()),"Belum, OnSchedule",IF(AND(Table1[[#This Row],[TC Aktual (tanggal)]]="",Table1[[#This Row],[PLAN TC finish]]<NOW()),"Belum, Delay",IF(AND(Table1[[#This Row],[TC Aktual (tanggal)]]<>"",Table1[[#This Row],[TC Aktual (tanggal)]]<Table1[[#This Row],[PLAN TC finish]]),"Sudah, OnSchedule",IF(AND(Table1[[#This Row],[TC Aktual (tanggal)]]<>"",Table1[[#This Row],[TC Aktual (tanggal)]]>Table1[[#This Row],[PLAN TC finish]]),"Sudah, Delay")))) -> Sudah, Delay | HI8: - | HJ8: - | HM8: 45281 | HN8: 45281 | HO8: #N/A | HQ8: 45335 | HR8: =IF(AND(Table1[[#This Row],[BA MC-100 Aktual (Verifikasi)]]="",Table1[[#This Row],[PLAN MC-100 finish]]>NOW()),"Belum, OnSchedule",IF(AND(Table1[[#This Row],[BA MC-100 Aktual (Verifikasi)]]="",Table1[[#This Row],[PLAN MC-100 finish]]<NOW()),"Belum, Delay",IF(AND(Table1[[#This Row],[BA MC-100 Aktual (Verifikasi)]]<>"",Table1[[#This Row],[BA MC-100 Aktual (Verifikasi)]]<Table1[[#This Row],[PLAN MC-100 finish]]),"Sudah, OnSchedule",IF(AND(Table1[[#This Row],[BA MC-100 Aktual (Verifikasi)]]<>"",Table1[[#This Row],[BA MC-100 Aktual (Verifikasi)]]>Table1[[#This Row],[PLAN MC-100 finish]]),"Sudah, Delay")))) -> Sudah, Delay | HS8: 45288 | HU8: 45288 | HW8: 45714 | HX8: =IF(AND(Table1[[#This Row],[Aktual Submit DPPP (tanggal)]]="",Table1[[#This Row],[PLAN DPPP finish]]>NOW()),"Belum, OnSchedule",IF(AND(Table1[[#This Row],[Aktual Submit DPPP (tanggal)]]="",Table1[[#This Row],[PLAN DPPP finish]]<NOW()),"Belum, Delay",IF(AND(Table1[[#This Row],[Aktual Submit DPPP (tanggal)]]<>"",Table1[[#This Row],[Aktual Submit DPPP (tanggal)]]<Table1[[#This Row],[PLAN DPPP finish]]),"Sudah, OnSchedule",IF(AND(Table1[[#This Row],[Aktual Submit DPPP (tanggal)]]<>"",Table1[[#This Row],[Aktual Submit DPPP (tanggal)]]>Table1[[#This Row],[PLAN DPPP finish]]),"Sudah, Delay")))) -> Sudah, Delay | IC8: =IFERROR(ROUND((Table1[[#This Row],[PLAN TC finish]]-Table1[[#This Row],[PLAN MC-0 start]])/30,2),"") -> -18.27 | ID8: =DATEDIF(Table1[[#This Row],[PLAN MC-0 start]],Table1[[#This Row],[PLAN TC finish]],"m") -> #NUM!
B9: =SUBTOTAL(3,$D$5:D9) -> 5 | C9: 5 | D9: SPAM Jatiluhur Hilir | E9: 23ABJNINJT095.C02 | F9: PC 095 Kebon Kosong Paket 2 | G9: 45752 | H9: MS | I9: JDU+JDB+JDL | K9: Muhrojin | L9: Pipa | M9: PMO 1 | N9: 3273 | O9: m | P9: =IF(NOW()>Table1[[#This Row],[PLAN MC-100 start]],"Selesai Fisik dan Dokumen",IF(AND(Table1[[#This Row],[PLAN MC-100 start]]<=NOW(),NOW()<=Table1[[#This Row],[PLAN MC-100 finish]]),"MC-100",IF(AND(Table1[[#This Row],[PLAN TC start]]<=NOW(),NOW()<=Table1[[#This Row],[PLAN TC finish]]),"Tes Com",IF(AND(Table1[[#This Row],[PLAN KONSTRUKSI start]]<=NOW(),NOW()<=Table1[[#This Row],[PLAN KONSTRUKSI finish]]),"Proses Konstruksi",IF(AND(Table1[[#This Row],[PLAN MOS start]]<=NOW(),NOW()<=Table1[[#This Row],[PLAN MOS finish]]),"Proses MOS",IF(AND(Table1[[#This Row],[PLAN MC-0 start]]<=NOW(),NOW()<=Table1[[#This Row],[PLAN MC-0 finish]]),"MC-0",IF(AND(Table1[[#This Row],[PLAN PR-PO BPM Jasa start]]<=NOW(),NOW()<=Table1[[#This Row],[PLAN PR-PO BPM Material finish]]),"PR-PO BPM",IF(AND(Table1[[#This Row],[PLAN PR-PO ABJ start]]<=NOW(),NOW()<=Table1[[#This Row],[PLAN PR-PO ABJ finish]]),"PR-PO ABJ",IF(NOW()<Table1[[#This Row],[PLAN PR-PO ABJ finish]],"Persiapan",""))))))))) -> Selesai Fisik dan Dokumen | Q9: =IF(LEFT(Table1[[#This Row],[Review DPPP]],5)="Sudah","DPPP",IF(LEFT(Table1[[#This Row],[Review MC-100]],5)="Sudah","MC-100",IF(LEFT(Table1[[#This Row],[Status TC]],5)="Sudah","Tes Com",IF(Table1[[#This Row],[Status Flushing]]="Sudah","Flushing",IF(Table1[[#This Row],[Total Panjang Pipa Aktual (Sum->)3]]>0,"Proses Konstruksi",IF(LEFT(Table1[[#This Row],[Review MC-0]],5)="Sudah","MC-0",IF(LEFT(Table1[[#This Row],[Review Kick Off]],5)="Sudah","Kick Off Meeting",IF(LEFT(Table1[[#This Row],[Review PCM]],5)="Sudah","PCM",IF(LEFT(Table1[[#This Row],[Status MOS]],10)="Proses MOS","Proses MOS",IF(LEFT(Table1[[#This Row],[Review PO Jasa BPM]],5)="Sudah","PO Jasa BPM",IF(LEFT(Table1[[#This Row],[Review PR Jasa BPM]],5)="Sudah","PR Jasa BPM",IF(LEFT(Table1[[#This Row],[Review PO Material BPM]],5)="Sudah","PO Material BPM",IF(LEFT(Table1[[#This Row],[Review PR Material BPM]],5)="Sudah","PR Material BPM",IF(LEFT(Table1[[#This Row],[Review PO ABJ]],5)="Sudah","PO ABJ",IF(LEFT(Table1[[#This Row],[Review PR ABJ]],5)="Sudah","PR ABJ","Persiapan"))))))))))))))) -> DPPP | R9: #N/A | S9: 1 | T9: =Table1[[#This Row],[Progres Total Aktual (%)]] -> 1 | U9: =Table1[[#This Row],[Progres Aktual (%)]]-Table1[[#This Row],[Target Progres (%)]] -> 0 | V9: =Table1[[#This Row],["Volume BA MC-0"]] -> 3274 | W9: =Table1[[#This Row],[Total Panjang Pipa Aktual (Sum->)3]] -> 3075 | Y9: Kebon Kosong - Paket 2 (RW 5) | Z9: 2876031183 | AA9: =ROUND((Table1[[#This Row],[Nilai RAB Jaringan (Exclude Ppn)]]-Table1[[#This Row],[RAB Perizinan]])*1.11+Table1[[#This Row],[RAB Perizinan]],0) -> 0 | AB9: =SUM(Table1[[#This Row],[RAB Kegiatan Umum]:[RAB Perizinan]]) -> 0 | AG9: 951048000 | AH9: =SUM(Table1[[#This Row],[Bobot Keg Umum]:[Bobot Perizinan]]) -> #DIV/0! | AI9: =Table1[[#This Row],[RAB Kegiatan Umum]]/Table1[[#This Row],[Nilai RAB Jaringan (Exclude Ppn)]] -> #DIV/0! | AJ9: =Table1[[#This Row],[RAB Pemasangan]]/Table1[[#This Row],[Nilai RAB Jaringan (Exclude Ppn)]] -> #DIV/0! | AK9: =Table1[[#This Row],[RAB Pengadaan]]/Table1[[#This Row],[Nilai RAB Jaringan (Exclude Ppn)]] -> #DIV/0! | AL9: =Table1[[#This Row],[RAB Perizinan]]/Table1[[#This Row],[Nilai RAB Jaringan (Exclude Ppn)]] -> #DIV/0! | AN9: 3274 | AO9: =SUM(Table1[[#This Row],[Pipa 63 mm]:[Pipa 1,800 mm]]) -> 0 | BJ9: =SUM(Table1[[#This Row],[Pipa 63 mm2]:[Pipa 1,800 mm21]]) -> 3075 | BL9: 1463 | BM9: 827 | BN9: 716 | BO9: 54 | BP9: 15 | CE9: 0 | CI9: =SUM(CE9:CH9) -> 0 | CJ9: =IF((Table1[[#This Row],["Volume BA MC-0"]]-Table1[[#This Row],[Total Panjang Pipa Aktual (Sum->)3]]-Table1[[#This Row],[Total Volume tidak dapat dipasang]])>=0,Table1[[#This Row],["Volume BA MC-0"]]-Table1[[#This Row],[Total Panjang Pipa Aktual (Sum->)3]]-Table1[[#This Row],[Total Volume tidak dapat dipasang]],0) -> 199 | CP9: =IFERROR(IF(Table1[[#This Row],[Nilai RNA Update]]>0,Table1[[#This Row],[Nilai RNA Update]]/Table1[[#This Row],[Nilai RNA Update]],IF(Table1[[#This Row],[VOWD Total (Rp)]]=0,IF(LEFT(Table1[[#This Row],[Review PO Material BPM]],5)="Sudah",Table1[[#This Row],[Progres MOS]]*80%*Table1[[#This Row],[Bobot Pengadaan]],Table1[[#This Row],[Progres MOS]]*60%*Table1[[#This Row],[Bobot Pengadaan]]),Table1[[#This Row],[VOWD Total (Rp)]]/Table1[[#This Row],[Kontrol Nilai RAB Jaringan (Include Ppn)]])),0) -> 1 | CQ9: =IFERROR(Table1[[#This Row],[Progres Keg. Umum (%)]]*Table1[[#This Row],[Nilai RAB Jaringan (file pa aji)]],0) -> 0 | CR9: =IFERROR(Table1[[#This Row],[Progres MOS (%)]]*Table1[[#This Row],[Nilai RAB Jaringan (file pa aji)]],0) -> 0 | CS9: =IFERROR(Table1[[#This Row],[Progres Pemasangan (%)]]*Table1[[#This Row],[Nilai RAB Jaringan (file pa aji)]],0) -> 0 | CT9: =IFERROR(Table1[[#This Row],[Progres Perizinan (%)]]*Table1[[#This Row],[Nilai RAB Jaringan (file pa aji)]],0) -> 0 | CU9: 4221109988 | CV9: 4221109988 | CW9: 4221109988 | CX9: =_xlfn.XLOOKUP(Table1[[#This Row],[Kode Program]],'[1]Breakdown VOWD Greenfield'!$E:$E,'[1]Breakdown VOWD Greenfield'!$AT:$AT) -> 4221109988 | CZ9: 45165 | DA9: 45192 | DB9: 45164 | DC9: AJC/2023/08/Q800/247 | DD9: 2876031188 | DE9: =IF(AND(Table1[[#This Row],[PR Aktual (tanggal)]]="",Table1[[#This Row],[PLAN PR-PO ABJ finish]]>=NOW()),"Belum, OnSchedule",IF(AND(Table1[[#This Row],[PR Aktual (tanggal)]]="",Table1[[#This Row],[PLAN PR-PO ABJ finish]]<NOW()),"Belum, Delay",IF(AND(Table1[[#This Row],[PR Aktual (tanggal)]]<>"",Table1[[#This Row],[PR Aktual (tanggal)]]<=Table1[[#This Row],[PLAN PR-PO ABJ finish]]),"Sudah, OnSchedule",IF(AND(Table1[[#This Row],[PR Aktual (tanggal)]]<>"",Table1[[#This Row],[PR Aktual (tanggal)]]>Table1[[#This Row],[PLAN PR-PO ABJ finish]]),"Sudah, Delay")))) -> Sudah, OnSchedule | DF9: 45257 | DG9: AJCPOV-2300088 | DH9: 2876031188 | DI9: =IF(AND(Table1[[#This Row],[PO Aktual (tanggal)]]="",Table1[[#This Row],[PLAN PR-PO ABJ finish]]>NOW()),"Belum, OnSchedule",IF(AND(Table1[[#This Row],[PO Aktual (tanggal)]]="",Table1[[#This Row],[PLAN PR-PO ABJ finish]]<NOW()),"Belum, Delay",IF(AND(Table1[[#This Row],[PO Aktual (tanggal)]]<>"",Table1[[#This Row],[PO Aktual (tanggal)]]<Table1[[#This Row],[PLAN PR-PO ABJ finish]]),"Sudah, OnSchedule",IF(AND(Table1[[#This Row],[PO Aktual (tanggal)]]<>"",Table1[[#This Row],[PO Aktual (tanggal)]]>Table1[[#This Row],[PLAN PR-PO ABJ finish]]),"Sudah, Delay")))) -> Sudah, Delay | DJ9: 45193 | DK9: 45234 | DN9: =IF(AND(Table1[[#This Row],[PR Jasa Aktual (tanggal)]]="",Table1[[#This Row],[PLAN PR-PO BPM Jasa finish]]>NOW()),"Belum, OnSchedule",IF(AND(Table1[[#This Row],[PR Jasa Aktual (tanggal)]]="",Table1[[#This Row],[PLAN PR-PO BPM Jasa finish]]<NOW()),"Belum, Delay",IF(AND(Table1[[#This Row],[PR Jasa Aktual (tanggal)]]<>"",Table1[[#This Row],[PR Jasa Aktual (tanggal)]]<=Table1[[#This Row],[PLAN PR-PO BPM Jasa finish]]),"Sudah, OnSchedule",IF(AND(Table1[[#This Row],[PR Jasa Aktual (tanggal)]]<>"",Table1[[#This Row],[PR Jasa Aktual (tanggal)]]>Table1[[#This Row],[PLAN PR-PO BPM Jasa finish]]),"Sudah, Delay")))) -> Belum, Delay | DR9: =IF(AND(Table1[[#This Row],[PO Jasa Aktual (tanggal)]]="",Table1[[#This Row],[PLAN PR-PO BPM Jasa finish]]>NOW()),"Belum, OnSchedule",IF(AND(Table1[[#This Row],[PO Jasa Aktual (tanggal)]]="",Table1[[#This Row],[PLAN PR-PO BPM Jasa finish]]<NOW()),"Belum, Delay",IF(AND(Table1[[#This Row],[PO Jasa Aktual (tanggal)]]<>"",Table1[[#This Row],[PO Jasa Aktual (tanggal)]]<Table1[[#This Row],[PLAN PR-PO BPM Jasa finish]]),"Sudah, OnSchedule",IF(AND(Table1[[#This Row],[PO Jasa Aktual (tanggal)]]<>"",Table1[[#This Row],[PO Jasa Aktual (tanggal)]]>Table1[[#This Row],[PLAN PR-PO BPM Jasa finish]]),"Sudah, Delay")))) -> Belum, Delay | DS9: 45193 | DT9: #N/A | DU9: 45234 | DV9: #N/A | EA9: =IF(AND(Table1[[#This Row],[PR Material Aktual (tanggal)]]="",Table1[[#This Row],[PLAN PR-PO BPM Material finish]]>NOW()),"Belum, OnSchedule",IF(AND(Table1[[#This Row],[PR Material Aktual (tanggal)]]="",Table1[[#This Row],[PLAN PR-PO BPM Material finish]]<NOW()),"Belum, Delay",IF(AND(Table1[[#This Row],[PR Material Aktual (tanggal)]]<>"",Table1[[#This Row],[PR Material Aktual (tanggal)]]<Table1[[#This Row],[PLAN PR-PO BPM Material finish]]),"Sudah, OnSchedule",IF(AND(Table1[[#This Row],[PR Material Aktual (tanggal)]]<>"",Table1[[#This Row],[PR Material Aktual (tanggal)]]>Table1[[#This Row],[PLAN PR-PO BPM Material finish]]),"Sudah, Delay")))) -> Belum, Delay | EF9: 1 | EG9: 1 | EH9: =IF(Table1[[#This Row],[PO Material Aktual (%)]]>=100%,"Selesai PO = 100%",IF(Table1[[#This Row],[PO Material Aktual (%)]]>=50%,"Proses PO > 100%",IF(Table1[[#This Row],[PO Material Aktual (%)]]>0%,"Proses PO > 50%",IF(Table1[[#This Row],[PO Material Aktual (%)]]=0,"Belum PO = 0%")))) -> Selesai PO = 100% | EI9: =IF(AND(Table1[[#This Row],[Tanggal Selesai PO Material]]="",Table1[[#This Row],[PLAN PR-PO BPM Material finish]]>=NOW()),"Belum, OnSchedule",IF(AND(Table1[[#This Row],[Tanggal Selesai PO Material]]="",Table1[[#This Row],[PLAN PR-PO BPM Material finish]]<NOW()),"Belum, Delay",IF(AND(Table1[[#This Row],[Tanggal Selesai PO Material]]<>"",Table1[[#This Row],[Tanggal Selesai PO Material]]<=Table1[[#This Row],[PLAN PR-PO BPM Material finish]]),"Sudah, OnSchedule",IF(AND(Table1[[#This Row],[Tanggal Selesai PO Material]]<>"",Table1[[#This Row],[Tanggal Selesai PO Material]]>Table1[[#This Row],[PLAN PR-PO BPM Material finish]]),"Sudah, Delay")))) -> Belum, Delay | EJ9: 45200 | EK9: #N/A | EL9: 45290 | EM9: #N/A | EQ9: 1 | ER9: 1 | ES9: =IF(Table1[[#This Row],[Progres MOS]]>=100%,"Selesai MOS = 100%",IF(Table1[[#This Row],[Progres MOS]]>=50%,"Proses MOS > 100%",IF(Table1[[#This Row],[Progres MOS]]>0%,"Proses MOS > 50%",IF(Table1[[#This Row],[Progres MOS]]=0,"Belum MOS = 0%")))) -> Selesai MOS = 100% | ET9: =IF(AND(Table1[[#This Row],[Tanggal Selesai MOS]]="",Table1[[#This Row],[PLAN MOS finish]]>=NOW()),"Belum, OnSchedule",IF(AND(Table1[[#This Row],[Tanggal Selesai MOS]]="",Table1[[#This Row],[PLAN MOS finish]]<NOW()),"Belum, Delay",IF(AND(Table1[[#This Row],[Tanggal Selesai MOS]]<>"",Table1[[#This Row],[Tanggal Selesai MOS]]<=Table1[[#This Row],[PLAN MOS finish]]),"Sudah, OnSchedule",IF(AND(Table1[[#This Row],[Tanggal Selesai MOS]]<>"",Table1[[#This Row],[Tanggal Selesai MOS]]>Table1[[#This Row],[PLAN MOS finish]]),"Sudah, Delay")))) -> Belum, Delay | EV9: 45193 | EW9: #N/A | EX9: 45255 | EY9: #N/A | EZ9: 10.Izin Terbit | FA9: 10.Izin Terbit | FB9: Sudah | FC9: TIDAK PERLU | FD9: TIDAK PERLU | FE9: TIDAK PERLU | FF9: TIDAK PERLU | FG9: TIDAK PERLU | FH9: TIDAK PERLU | FI9: TIDAK PERLU | FJ9: TIDAK PERLU | FK9: SUDAH | FL9: 10.Izin Terbit | FN9: =IF(Table1[[#This Row],[Tanggal Pengajuan Dokumen]]="","",Table1[[#This Row],[PLAN PERMIT start]]-Table1[[#This Row],[Tanggal Pengajuan Dokumen]]) | FS9: =IF(COUNTIF(EZ9:FR9,"*terbit*")>=1,"Sudah Terbit","On Going") -> Sudah Terbit | FT9: =IF(ISNUMBER(SEARCH("On Going",Table1[[#This Row],[Status Perizinan]])),"On Going",IF(ISNUMBER(SEARCH("Sudah Terbit",Table1[[#This Row],[Status Perizinan]])),"Selesai",IF(NOW()<Table1[[#This Row],[PLAN PERMIT start]],"Belum",IF(AND(NOW()>=Table1[[#This Row],[PLAN PERMIT start]],NOW()<=Table1[[#This Row],[PLAN PERMIT finish]]),"On Going","Terlambat")))) -> Selesai | FU9: =IF(Table1[[#This Row],[Status Izin]]="Selesai",Table1[[#This Row],[PLAN PERMIT finish]]-Table1[[#This Row],[Tanggal Terbit/ Target Izin Terbit]],ROUNDUP(Table1[[#This Row],[PLAN PERMIT finish]]-NOW(),0)) -> 45255 | FV9: =IF(Table1[[#This Row],[Tanggal Terbit/ Target Izin Terbit]]="","Delay",IF(Table1[[#This Row],[Tanggal Terbit/ Target Izin Terbit]]<Table1[[#This Row],[PLAN PERMIT start]],"Ahead",IF(AND(Table1[[#This Row],[PLAN PERMIT start]]<=Table1[[#This Row],[Tanggal Terbit/ Target Izin Terbit]],Table1[[#This Row],[PLAN PERMIT finish]]>=Table1[[#This Row],[Tanggal Terbit/ Target Izin Terbit]]),"On Schedule",IF(Table1[[#This Row],[Tanggal Terbit/ Target Izin Terbit]]>Table1[[#This Row],[PLAN PERMIT finish]],"Delay")))) -> Delay | GA9: =IF(AND(Table1[[#This Row],[Aktual DPPK]]="",Table1[[#This Row],[PLAN Penyerahan DPPK]]>NOW()),"Belum, OnSchedule",IF(AND(Table1[[#This Row],[Aktual DPPK]]="",Table1[[#This Row],[PLAN Penyerahan DPPK]]<NOW()),"Belum, Delay",IF(AND(Table1[[#This Row],[Aktual DPPK]]<>"",Table1[[#This Row],[Aktual DPPK]]<=Table1[[#This Row],[PLAN Penyerahan DPPK]]),"Sudah, OnSchedule",IF(AND(Table1[[#This Row],[Aktual DPPK]]<>"",Table1[[#This Row],[Aktual DPPK]]>Table1[[#This Row],[PLAN Penyerahan DPPK]]),"Sudah, Delay")))) -> Belum, Delay | GB9: 45823 | GC9: 45914 | GD9: =IF(AND(Table1[[#This Row],[Tanggal Aktual PCM]]="",Table1[[#This Row],[PLAN PCM]]>NOW()),"Belum, OnSchedule",IF(AND(Table1[[#This Row],[Tanggal Aktual PCM]]="",Table1[[#This Row],[PLAN PCM]]<NOW()),"Belum, Delay",IF(AND(Table1[[#This Row],[Tanggal Aktual PCM]]<>"",Table1[[#This Row],[Tanggal Aktual PCM]]<=Table1[[#This Row],[PLAN PCM]]),"Sudah, OnSchedule",IF(AND(Table1[[#This Row],[Tanggal Aktual PCM]]<>"",Table1[[#This Row],[Tanggal Aktual PCM]]>=Table1[[#This Row],[PLAN PCM]]),"Sudah, Delay")))) -> Sudah, Delay | GE9: 45823 | GF9: 45914 | GG9: =IF(AND(Table1[[#This Row],[Tanggal Aktual Kick Off]]="",Table1[[#This Row],[PLAN Kick Off]]>NOW()),"Belum, OnSchedule",IF(AND(Table1[[#This Row],[Tanggal Aktual Kick Off]]="",Table1[[#This Row],[PLAN Kick Off]]<NOW()),"Belum, Delay",IF(AND(Table1[[#This Row],[Tanggal Aktual Kick Off]]<>"",Table1[[#This Row],[Tanggal Aktual Kick Off]]<=Table1[[#This Row],[PLAN Kick Off]]),"Sudah, OnSchedule",IF(AND(Table1[[#This Row],[Tanggal Aktual Kick Off]]<>"",Table1[[#This Row],[Tanggal Aktual Kick Off]]>=Table1[[#This Row],[PLAN Kick Off]]),"Sudah, Delay")))) -> Sudah, Delay | GH9: 45817 | GI9: 45823 | GJ9: 45092 | GK9: =IF(AND(Table1[[#This Row],[Tanggal Aktual MC-0]]="",Table1[[#This Row],[PLAN MC-0 finish]]>NOW()),"Belum, OnSchedule",IF(AND(Table1[[#This Row],[Tanggal Aktual MC-0]]="",Table1[[#This Row],[PLAN MC-0 finish]]<NOW()),"Belum, Delay",IF(AND(Table1[[#This Row],[Tanggal Aktual MC-0]]<>"",Table1[[#This Row],[Tanggal Aktual MC-0]]<Table1[[#This Row],[PLAN MC-0 finish]]),"Sudah, OnSchedule",IF(AND(Table1[[#This Row],[Tanggal Aktual MC-0]]<>"",Table1[[#This Row],[Tanggal Aktual MC-0]]>Table1[[#This Row],[PLAN MC-0 finish]]),"Sudah, Delay")))) -> Sudah, OnSchedule | GL9: 45256 | GM9: #N/A | GN9: 45318 | GO9: #N/A | GQ9: =IF(AND(Table1[[#This Row],[Aktual Selesai Konstruksi* (tanggal)]]="",Table1[[#This Row],[PLAN KONSTRUKSI finish]]>NOW()),"Belum, OnSchedule",IF(AND(Table1[[#This Row],[Aktual Selesai Konstruksi* (tanggal)]]="",Table1[[#This Row],[PLAN KONSTRUKSI finish]]<NOW()),"Belum, Delay",IF(AND(Table1[[#This Row],[Aktual Selesai Konstruksi* (tanggal)]]<>"",Table1[[#This Row],[Aktual Selesai Konstruksi* (tanggal)]]<Table1[[#This Row],[PLAN KONSTRUKSI finish]]),"Sudah, OnSchedule",IF(AND(Table1[[#This Row],[Aktual Selesai Konstruksi* (tanggal)]]<>"",Table1[[#This Row],[Aktual Selesai Konstruksi* (tanggal)]]>Table1[[#This Row],[PLAN KONSTRUKSI finish]]),"Sudah, Delay")))) -> Belum, Delay | GR9: - | GS9: - | GT9: 45296 | GU9: =IF(Table1[[#This Row],[Hydro Tes Actual (tanggal)]]<>"","Sudah","Belum") -> Sudah | GV9: - | GW9: - | GX9: 45232 | GY9: =IF(Table1[[#This Row],[Interkoneksi Actual (tanggal)]]<>"","Sudah","Belum") -> Sudah | GZ9: - | HA9: - | HB9: 45298 | HC9: =IF(Table1[[#This Row],[Flushing Actual (tanggal)]]<>"","Sudah","Belum") -> Sudah | HD9: 45319 | HE9: #N/A | HF9: 45325 | HG9: 45304 | HH9: =IF(AND(Table1[[#This Row],[TC Aktual (tanggal)]]="",Table1[[#This Row],[PLAN TC finish]]>NOW()),"Belum, OnSchedule",IF(AND(Table1[[#This Row],[TC Aktual (tanggal)]]="",Table1[[#This Row],[PLAN TC finish]]<NOW()),"Belum, Delay",IF(AND(Table1[[#This Row],[TC Aktual (tanggal)]]<>"",Table1[[#This Row],[TC Aktual (tanggal)]]<Table1[[#This Row],[PLAN TC finish]]),"Sudah, OnSchedule",IF(AND(Table1[[#This Row],[TC Aktual (tanggal)]]<>"",Table1[[#This Row],[TC Aktual (tanggal)]]>Table1[[#This Row],[PLAN TC finish]]),"Sudah, Delay")))) -> Sudah, OnSchedule | HI9: - | HJ9: - | HM9: 45337 | HN9: 45337 | HO9: #N/A | HQ9: 45335 | HR9: =IF(AND(Table1[[#This Row],[BA MC-100 Aktual (Verifikasi)]]="",Table1[[#This Row],[PLAN MC-100 finish]]>NOW()),"Belum, OnSchedule",IF(AND(Table1[[#This Row],[BA MC-100 Aktual (Verifikasi)]]="",Table1[[#This Row],[PLAN MC-100 finish]]<NOW()),"Belum, Delay",IF(AND(Table1[[#This Row],[BA MC-100 Aktual (Verifikasi)]]<>"",Table1[[#This Row],[BA MC-100 Aktual (Verifikasi)]]<Table1[[#This Row],[PLAN MC-100 finish]]),"Sudah, OnSchedule",IF(AND(Table1[[#This Row],[BA MC-100 Aktual (Verifikasi)]]<>"",Table1[[#This Row],[BA MC-100 Aktual (Verifikasi)]]>Table1[[#This Row],[PLAN MC-100 finish]]),"Sudah, Delay")))) -> Sudah, OnSchedule | HS9: 45344 | HU9: 45344 | HW9: 45714 | HX9: =IF(AND(Table1[[#This Row],[Aktual Submit DPPP (tanggal)]]="",Table1[[#This Row],[PLAN DPPP finish]]>NOW()),"Belum, OnSchedule",IF(AND(Table1[[#This Row],[Aktual Submit DPPP (tanggal)]]="",Table1[[#This Row],[PLAN DPPP finish]]<NOW()),"Belum, Delay",IF(AND(Table1[[#This Row],[Aktual Submit DPPP (tanggal)]]<>"",Table1[[#This Row],[Aktual Submit DPPP (tanggal)]]<Table1[[#This Row],[PLAN DPPP finish]]),"Sudah, OnSchedule",IF(AND(Table1[[#This Row],[Aktual Submit DPPP (tanggal)]]<>"",Table1[[#This Row],[Aktual Submit DPPP (tanggal)]]>Table1[[#This Row],[PLAN DPPP finish]]),"Sudah, Delay")))) -> Sudah, Delay | IC9: =IFERROR(ROUND((Table1[[#This Row],[PLAN TC finish]]-Table1[[#This Row],[PLAN MC-0 start]])/30,2),"") -> -16.4 | ID9: =DATEDIF(Table1[[#This Row],[PLAN MC-0 start]],Table1[[#This Row],[PLAN TC finish]],"m") -> #NUM!
B10: =SUBTOTAL(3,$D$5:D10) -> 6 | C10: 6 | D10: SPAM Jatiluhur Hilir | E10: 23ABJ.NINJT073.01 | F10: PC 073 Kebon Baru | G10: 45752 | H10: MS | I10: JDU+JDB+JDL | K10: Muhrojin | L10: Pipa | M10: PMO 1 | N10: 85 | O10: m | P10: =IF(NOW()>Table1[[#This Row],[PLAN MC-100 start]],"Selesai Fisik dan Dokumen",IF(AND(Table1[[#This Row],[PLAN MC-100 start]]<=NOW(),NOW()<=Table1[[#This Row],[PLAN MC-100 finish]]),"MC-100",IF(AND(Table1[[#This Row],[PLAN TC start]]<=NOW(),NOW()<=Table1[[#This Row],[PLAN TC finish]]),"Tes Com",IF(AND(Table1[[#This Row],[PLAN KONSTRUKSI start]]<=NOW(),NOW()<=Table1[[#This Row],[PLAN KONSTRUKSI finish]]),"Proses Konstruksi",IF(AND(Table1[[#This Row],[PLAN MOS start]]<=NOW(),NOW()<=Table1[[#This Row],[PLAN MOS finish]]),"Proses MOS",IF(AND(Table1[[#This Row],[PLAN MC-0 start]]<=NOW(),NOW()<=Table1[[#This Row],[PLAN MC-0 finish]]),"MC-0",IF(AND(Table1[[#This Row],[PLAN PR-PO BPM Jasa start]]<=NOW(),NOW()<=Table1[[#This Row],[PLAN PR-PO BPM Material finish]]),"PR-PO BPM",IF(AND(Table1[[#This Row],[PLAN PR-PO ABJ start]]<=NOW(),NOW()<=Table1[[#This Row],[PLAN PR-PO ABJ finish]]),"PR-PO ABJ",IF(NOW()<Table1[[#This Row],[PLAN PR-PO ABJ finish]],"Persiapan",""))))))))) -> Selesai Fisik dan Dokumen | Q10: =IF(LEFT(Table1[[#This Row],[Review DPPP]],5)="Sudah","DPPP",IF(LEFT(Table1[[#This Row],[Review MC-100]],5)="Sudah","MC-100",IF(LEFT(Table1[[#This Row],[Status TC]],5)="Sudah","Tes Com",IF(Table1[[#This Row],[Status Flushing]]="Sudah","Flushing",IF(Table1[[#This Row],[Total Panjang Pipa Aktual (Sum->)3]]>0,"Proses Konstruksi",IF(LEFT(Table1[[#This Row],[Review MC-0]],5)="Sudah","MC-0",IF(LEFT(Table1[[#This Row],[Review Kick Off]],5)="Sudah","Kick Off Meeting",IF(LEFT(Table1[[#This Row],[Review PCM]],5)="Sudah","PCM",IF(LEFT(Table1[[#This Row],[Status MOS]],10)="Proses MOS","Proses MOS",IF(LEFT(Table1[[#This Row],[Review PO Jasa BPM]],5)="Sudah","PO Jasa BPM",IF(LEFT(Table1[[#This Row],[Review PR Jasa BPM]],5)="Sudah","PR Jasa BPM",IF(LEFT(Table1[[#This Row],[Review PO Material BPM]],5)="Sudah","PO Material BPM",IF(LEFT(Table1[[#This Row],[Review PR Material BPM]],5)="Sudah","PR Material BPM",IF(LEFT(Table1[[#This Row],[Review PO ABJ]],5)="Sudah","PO ABJ",IF(LEFT(Table1[[#This Row],[Review PR ABJ]],5)="Sudah","PR ABJ","Persiapan"))))))))))))))) -> DPPP | R10: #N/A | S10: 1 | T10: =Table1[[#This Row],[Progres Total Aktual (%)]] -> 1 | U10: =Table1[[#This Row],[Progres Aktual (%)]]-Table1[[#This Row],[Target Progres (%)]] -> 0 | V10: =Table1[[#This Row],["Volume BA MC-0"]] -> 85 | W10: =Table1[[#This Row],[Total Panjang Pipa Aktual (Sum->)3]] -> 85 | Y10: Jl. Kebon Baru RT 003 RW 010 Kel. Sempet Barat | Z10: 122645794 | AA10: =ROUND((Table1[[#This Row],[Nilai RAB Jaringan (Exclude Ppn)]]-Table1[[#This Row],[RAB Perizinan]])*1.11+Table1[[#This Row],[RAB Perizinan]],0) -> 0 | AB10: =SUM(Table1[[#This Row],[RAB Kegiatan Umum]:[RAB Perizinan]]) -> 0 | AG10: 17982000 | AH10: =SUM(Table1[[#This Row],[Bobot Keg Umum]:[Bobot Perizinan]]) -> #DIV/0! | AI10: =Table1[[#This Row],[RAB Kegiatan Umum]]/Table1[[#This Row],[Nilai RAB Jaringan (Exclude Ppn)]] -> #DIV/0! | AJ10: =Table1[[#This Row],[RAB Pemasangan]]/Table1[[#This Row],[Nilai RAB Jaringan (Exclude Ppn)]] -> #DIV/0! | AK10: =Table1[[#This Row],[RAB Pengadaan]]/Table1[[#This Row],[Nilai RAB Jaringan (Exclude Ppn)]] -> #DIV/0! | AL10: =Table1[[#This Row],[RAB Perizinan]]/Table1[[#This Row],[Nilai RAB Jaringan (Exclude Ppn)]] -> #DIV/0! | AN10: 85 | AO10: =SUM(Table1[[#This Row],[Pipa 63 mm]:[Pipa 1,800 mm]]) -> 0 | BJ10: =SUM(Table1[[#This Row],[Pipa 63 mm2]:[Pipa 1,800 mm21]]) -> 85 | BL10: 85 | CE10: 0 | CI10: =SUM(CE10:CH10) -> 0 | CJ10: =IF((Table1[[#This Row],["Volume BA MC-0"]]-Table1[[#This Row],[Total Panjang Pipa Aktual (Sum->)3]]-Table1[[#This Row],[Total Volume tidak dapat dipasang]])>=0,Table1[[#This Row],["Volume BA MC-0"]]-Table1[[#This Row],[Total Panjang Pipa Aktual (Sum->)3]]-Table1[[#This Row],[Total Volume tidak dapat dipasang]],0) -> 0 | CP10: =IFERROR(IF(Table1[[#This Row],[Nilai RNA Update]]>0,Table1[[#This Row],[Nilai RNA Update]]/Table1[[#This Row],[Nilai RNA Update]],IF(Table1[[#This Row],[VOWD Total (Rp)]]=0,IF(LEFT(Table1[[#This Row],[Review PO Material BPM]],5)="Sudah",Table1[[#This Row],[Progres MOS]]*80%*Table1[[#This Row],[Bobot Pengadaan]],Table1[[#This Row],[Progres MOS]]*60%*Table1[[#This Row],[Bobot Pengadaan]]),Table1[[#This Row],[VOWD Total (Rp)]]/Table1[[#This Row],[Kontrol Nilai RAB Jaringan (Include Ppn)]])),0) -> 1 | CQ10: =IFERROR(Table1[[#This Row],[Progres Keg. Umum (%)]]*Table1[[#This Row],[Nilai RAB Jaringan (file pa aji)]],0) -> 0 | CR10: =IFERROR(Table1[[#This Row],[Progres MOS (%)]]*Table1[[#This Row],[Nilai RAB Jaringan (file pa aji)]],0) -> 0 | CS10: =IFERROR(Table1[[#This Row],[Progres Pemasangan (%)]]*Table1[[#This Row],[Nilai RAB Jaringan (file pa aji)]],0) -> 0 | CT10: =IFERROR(Table1[[#This Row],[Progres Perizinan (%)]]*Table1[[#This Row],[Nilai RAB Jaringan (file pa aji)]],0) -> 0 | CU10: 90892413 | CV10: 90892413 | CW10: 90892413 | CX10: =_xlfn.XLOOKUP(Table1[[#This Row],[Kode Program]],'[1]Breakdown VOWD Greenfield'!$E:$E,'[1]Breakdown VOWD Greenfield'!$AT:$AT) -> 90892413 | CZ10: 45229 | DA10: 45242 | DB10: 45432 | DC10: AJC/2024/05/Q800/161 | DD10: 74265217 | DE10: =IF(AND(Table1[[#This Row],[PR Aktual (tanggal)]]="",Table1[[#This Row],[PLAN PR-PO ABJ finish]]>=NOW()),"Belum, OnSchedule",IF(AND(Table1[[#This Row],[PR Aktual (tanggal)]]="",Table1[[#This Row],[PLAN PR-PO ABJ finish]]<NOW()),"Belum, Delay",IF(AND(Table1[[#This Row],[PR Aktual (tanggal)]]<>"",Table1[[#This Row],[PR Aktual (tanggal)]]<=Table1[[#This Row],[PLAN PR-PO ABJ finish]]),"Sudah, OnSchedule",IF(AND(Table1[[#This Row],[PR Aktual (tanggal)]]<>"",Table1[[#This Row],[PR Aktual (tanggal)]]>Table1[[#This Row],[PLAN PR-PO ABJ finish]]),"Sudah, Delay")))) -> Sudah, Delay | DF10: 45464 | DG10: AJCPOV-2400184 | DH10: 74265217 | DI10: =IF(AND(Table1[[#This Row],[PO Aktual (tanggal)]]="",Table1[[#This Row],[PLAN PR-PO ABJ finish]]>NOW()),"Belum, OnSchedule",IF(AND(Table1[[#This Row],[PO Aktual (tanggal)]]="",Table1[[#This Row],[PLAN PR-PO ABJ finish]]<NOW()),"Belum, Delay",IF(AND(Table1[[#This Row],[PO Aktual (tanggal)]]<>"",Table1[[#This Row],[PO Aktual (tanggal)]]<Table1[[#This Row],[PLAN PR-PO ABJ finish]]),"Sudah, OnSchedule",IF(AND(Table1[[#This Row],[PO Aktual (tanggal)]]<>"",Table1[[#This Row],[PO Aktual (tanggal)]]>Table1[[#This Row],[PLAN PR-PO ABJ finish]]),"Sudah, Delay")))) -> Sudah, Delay | DJ10: 45243 | DK10: 45291 | DL10: 45546 | DM10: PR/BPM/JTLBarat/2409/0252 | DN10: =IF(AND(Table1[[#This Row],[PR Jasa Aktual (tanggal)]]="",Table1[[#This Row],[PLAN PR-PO BPM Jasa finish]]>NOW()),"Belum, OnSchedule",IF(AND(Table1[[#This Row],[PR Jasa Aktual (tanggal)]]="",Table1[[#This Row],[PLAN PR-PO BPM Jasa finish]]<NOW()),"Belum, Delay",IF(AND(Table1[[#This Row],[PR Jasa Aktual (tanggal)]]<>"",Table1[[#This Row],[PR Jasa Aktual (tanggal)]]<=Table1[[#This Row],[PLAN PR-PO BPM Jasa finish]]),"Sudah, OnSchedule",IF(AND(Table1[[#This Row],[PR Jasa Aktual (tanggal)]]<>"",Table1[[#This Row],[PR Jasa Aktual (tanggal)]]>Table1[[#This Row],[PLAN PR-PO BPM Jasa finish]]),"Sudah, Delay")))) -> Sudah, Delay | DO10: 45700 | DP10: BPMPO-2403783 | DQ10: PT.Shima Citra Selaras | DR10: =IF(AND(Table1[[#This Row],[PO Jasa Aktual (tanggal)]]="",Table1[[#This Row],[PLAN PR-PO BPM Jasa finish]]>NOW()),"Belum, OnSchedule",IF(AND(Table1[[#This Row],[PO Jasa Aktual (tanggal)]]="",Table1[[#This Row],[PLAN PR-PO BPM Jasa finish]]<NOW()),"Belum, Delay",IF(AND(Table1[[#This Row],[PO Jasa Aktual (tanggal)]]<>"",Table1[[#This Row],[PO Jasa Aktual (tanggal)]]<Table1[[#This Row],[PLAN PR-PO BPM Jasa finish]]),"Sudah, OnSchedule",IF(AND(Table1[[#This Row],[PO Jasa Aktual (tanggal)]]<>"",Table1[[#This Row],[PO Jasa Aktual (tanggal)]]>Table1[[#This Row],[PLAN PR-PO BPM Jasa finish]]),"Sudah, Delay")))) -> Sudah, Delay | DS10: 45243 | DT10: #N/A | DU10: 45270 | DV10: #N/A | EA10: =IF(AND(Table1[[#This Row],[PR Material Aktual (tanggal)]]="",Table1[[#This Row],[PLAN PR-PO BPM Material finish]]>NOW()),"Belum, OnSchedule",IF(AND(Table1[[#This Row],[PR Material Aktual (tanggal)]]="",Table1[[#This Row],[PLAN PR-PO BPM Material finish]]<NOW()),"Belum, Delay",IF(AND(Table1[[#This Row],[PR Material Aktual (tanggal)]]<>"",Table1[[#This Row],[PR Material Aktual (tanggal)]]<Table1[[#This Row],[PLAN PR-PO BPM Material finish]]),"Sudah, OnSchedule",IF(AND(Table1[[#This Row],[PR Material Aktual (tanggal)]]<>"",Table1[[#This Row],[PR Material Aktual (tanggal)]]>Table1[[#This Row],[PLAN PR-PO BPM Material finish]]),"Sudah, Delay")))) -> Belum, Delay | EF10: 1 | EG10: 1 | EH10: =IF(Table1[[#This Row],[PO Material Aktual (%)]]>=100%,"Selesai PO = 100%",IF(Table1[[#This Row],[PO Material Aktual (%)]]>=50%,"Proses PO > 100%",IF(Table1[[#This Row],[PO Material Aktual (%)]]>0%,"Proses PO > 50%",IF(Table1[[#This Row],[PO Material Aktual (%)]]=0,"Belum PO = 0%")))) -> Selesai PO = 100% | EI10: =IF(AND(Table1[[#This Row],[Tanggal Selesai PO Material]]="",Table1[[#This Row],[PLAN PR-PO BPM Material finish]]>=NOW()),"Belum, OnSchedule",IF(AND(Table1[[#This Row],[Tanggal Selesai PO Material]]="",Table1[[#This Row],[PLAN PR-PO BPM Material finish]]<NOW()),"Belum, Delay",IF(AND(Table1[[#This Row],[Tanggal Selesai PO Material]]<>"",Table1[[#This Row],[Tanggal Selesai PO Material]]<=Table1[[#This Row],[PLAN PR-PO BPM Material finish]]),"Sudah, OnSchedule",IF(AND(Table1[[#This Row],[Tanggal Selesai PO Material]]<>"",Table1[[#This Row],[Tanggal Selesai PO Material]]>Table1[[#This Row],[PLAN PR-PO BPM Material finish]]),"Sudah, Delay")))) -> Belum, Delay | EJ10: 45271 | EK10: #N/A | EL10: 45319 | EM10: #N/A | EQ10: 1 | ER10: 1 | ES10: =IF(Table1[[#This Row],[Progres MOS]]>=100%,"Selesai MOS = 100%",IF(Table1[[#This Row],[Progres MOS]]>=50%,"Proses MOS > 100%",IF(Table1[[#This Row],[Progres MOS]]>0%,"Proses MOS > 50%",IF(Table1[[#This Row],[Progres MOS]]=0,"Belum MOS = 0%")))) -> Selesai MOS = 100% | ET10: =IF(AND(Table1[[#This Row],[Tanggal Selesai MOS]]="",Table1[[#This Row],[PLAN MOS finish]]>=NOW()),"Belum, OnSchedule",IF(AND(Table1[[#This Row],[Tanggal Selesai MOS]]="",Table1[[#This Row],[PLAN MOS finish]]<NOW()),"Belum, Delay",IF(AND(Table1[[#This Row],[Tanggal Selesai MOS]]<>"",Table1[[#This Row],[Tanggal Selesai MOS]]<=Table1[[#This Row],[PLAN MOS finish]]),"Sudah, OnSchedule",IF(AND(Table1[[#This Row],[Tanggal Selesai MOS]]<>"",Table1[[#This Row],[Tanggal Selesai MOS]]>Table1[[#This Row],[PLAN MOS finish]]),"Sudah, Delay")))) -> Belum, Delay | EV10: 45243 | EW10: #N/A | EX10: 45319 | EY10: #N/A | EZ10: 9.Proses Penerbitan Izin | FA10: 10.Izin Terbit | FB10: Sudah | FC10: 45796 | FD10: Sudah | FE10: 45895 | FF10: 45944 | FG10: Sudah | FH10: Sudah | FI10: 46021 | FJ10: Sudah | FK10: 46087 | FL10: 9.Proses Penerbitan Izin | FM10: 45796 | FN10: =IF(Table1[[#This Row],[Tanggal Pengajuan Dokumen]]="","",Table1[[#This Row],[PLAN PERMIT start]]-Table1[[#This Row],[Tanggal Pengajuan Dokumen]]) -> -553 | FS10: =IF(COUNTIF(EZ10:FR10,"*terbit*")>=1,"Sudah Terbit","On Going") -> Sudah Terbit | FT10: =IF(ISNUMBER(SEARCH("On Going",Table1[[#This Row],[Status Perizinan]])),"On Going",IF(ISNUMBER(SEARCH("Sudah Terbit",Table1[[#This Row],[Status Perizinan]])),"Selesai",IF(NOW()<Table1[[#This Row],[PLAN PERMIT start]],"Belum",IF(AND(NOW()>=Table1[[#This Row],[PLAN PERMIT start]],NOW()<=Table1[[#This Row],[PLAN PERMIT finish]]),"On Going","Terlambat")))) -> Selesai | FU10: =IF(Table1[[#This Row],[Status Izin]]="Selesai",Table1[[#This Row],[PLAN PERMIT finish]]-Table1[[#This Row],[Tanggal Terbit/ Target Izin Terbit]],ROUNDUP(Table1[[#This Row],[PLAN PERMIT finish]]-NOW(),0)) -> 45319 | FV10: =IF(Table1[[#This Row],[Tanggal Terbit/ Target Izin Terbit]]="","Delay",IF(Table1[[#This Row],[Tanggal Terbit/ Target Izin Terbit]]<Table1[[#This Row],[PLAN PERMIT start]],"Ahead",IF(AND(Table1[[#This Row],[PLAN PERMIT start]]<=Table1[[#This Row],[Tanggal Terbit/ Target Izin Terbit]],Table1[[#This Row],[PLAN PERMIT finish]]>=Table1[[#This Row],[Tanggal Terbit/ Target Izin Terbit]]),"On Schedule",IF(Table1[[#This Row],[Tanggal Terbit/ Target Izin Terbit]]>Table1[[#This Row],[PLAN PERMIT finish]],"Delay")))) -> Delay | GA10: =IF(AND(Table1[[#This Row],[Aktual DPPK]]="",Table1[[#This Row],[PLAN Penyerahan DPPK]]>NOW()),"Belum, OnSchedule",IF(AND(Table1[[#This Row],[Aktual DPPK]]="",Table1[[#This Row],[PLAN Penyerahan DPPK]]<NOW()),"Belum, Delay",IF(AND(Table1[[#This Row],[Aktual DPPK]]<>"",Table1[[#This Row],[Aktual DPPK]]<=Table1[[#This Row],[PLAN Penyerahan DPPK]]),"Sudah, OnSchedule",IF(AND(Table1[[#This Row],[Aktual DPPK]]<>"",Table1[[#This Row],[Aktual DPPK]]>Table1[[#This Row],[PLAN Penyerahan DPPK]]),"Sudah, Delay")))) -> Belum, Delay | GB10: 45293 | GC10: 45280 | GD10: =IF(AND(Table1[[#This Row],[Tanggal Aktual PCM]]="",Table1[[#This Row],[PLAN PCM]]>NOW()),"Belum, OnSchedule",IF(AND(Table1[[#This Row],[Tanggal Aktual PCM]]="",Table1[[#This Row],[PLAN PCM]]<NOW()),"Belum, Delay",IF(AND(Table1[[#This Row],[Tanggal Aktual PCM]]<>"",Table1[[#This Row],[Tanggal Aktual PCM]]<=Table1[[#This Row],[PLAN PCM]]),"Sudah, OnSchedule",IF(AND(Table1[[#This Row],[Tanggal Aktual PCM]]<>"",Table1[[#This Row],[Tanggal Aktual PCM]]>=Table1[[#This Row],[PLAN PCM]]),"Sudah, Delay")))) -> Sudah, OnSchedule | GE10: 45300 | GF10: 45280 | GG10: =IF(AND(Table1[[#This Row],[Tanggal Aktual Kick Off]]="",Table1[[#This Row],[PLAN Kick Off]]>NOW()),"Belum, OnSchedule",IF(AND(Table1[[#This Row],[Tanggal Aktual Kick Off]]="",Table1[[#This Row],[PLAN Kick Off]]<NOW()),"Belum, Delay",IF(AND(Table1[[#This Row],[Tanggal Aktual Kick Off]]<>"",Table1[[#This Row],[Tanggal Aktual Kick Off]]<=Table1[[#This Row],[PLAN Kick Off]]),"Sudah, OnSchedule",IF(AND(Table1[[#This Row],[Tanggal Aktual Kick Off]]<>"",Table1[[#This Row],[Tanggal Aktual Kick Off]]>=Table1[[#This Row],[PLAN Kick Off]]),"Sudah, Delay")))) -> Sudah, OnSchedule | GH10: 45306 | GI10: 45312 | GJ10: 45299 | GK10: =IF(AND(Table1[[#This Row],[Tanggal Aktual MC-0]]="",Table1[[#This Row],[PLAN MC-0 finish]]>NOW()),"Belum, OnSchedule",IF(AND(Table1[[#This Row],[Tanggal Aktual MC-0]]="",Table1[[#This Row],[PLAN MC-0 finish]]<NOW()),"Belum, Delay",IF(AND(Table1[[#This Row],[Tanggal Aktual MC-0]]<>"",Table1[[#This Row],[Tanggal Aktual MC-0]]<Table1[[#This Row],[PLAN MC-0 finish]]),"Sudah, OnSchedule",IF(AND(Table1[[#This Row],[Tanggal Aktual MC-0]]<>"",Table1[[#This Row],[Tanggal Aktual MC-0]]>Table1[[#This Row],[PLAN MC-0 finish]]),"Sudah, Delay")))) -> Sudah, OnSchedule | GL10: 45320 | GM10: #N/A | GN10: 45326 | GO10: #N/A | GQ10: =IF(AND(Table1[[#This Row],[Aktual Selesai Konstruksi* (tanggal)]]="",Table1[[#This Row],[PLAN KONSTRUKSI finish]]>NOW()),"Belum, OnSchedule",IF(AND(Table1[[#This Row],[Aktual Selesai Konstruksi* (tanggal)]]="",Table1[[#This Row],[PLAN KONSTRUKSI finish]]<NOW()),"Belum, Delay",IF(AND(Table1[[#This Row],[Aktual Selesai Konstruksi* (tanggal)]]<>"",Table1[[#This Row],[Aktual Selesai Konstruksi* (tanggal)]]<Table1[[#This Row],[PLAN KONSTRUKSI finish]]),"Sudah, OnSchedule",IF(AND(Table1[[#This Row],[Aktual Selesai Konstruksi* (tanggal)]]<>"",Table1[[#This Row],[Aktual Selesai Konstruksi* (tanggal)]]>Table1[[#This Row],[PLAN KONSTRUKSI finish]]),"Sudah, Delay")))) -> Belum, Delay | GR10: - | GS10: - | GT10: 45348 | GU10: =IF(Table1[[#This Row],[Hydro Tes Actual (tanggal)]]<>"","Sudah","Belum") -> Sudah | GV10: - | GW10: - | GX10: 45344 | GY10: =IF(Table1[[#This Row],[Interkoneksi Actual (tanggal)]]<>"","Sudah","Belum") -> Sudah | GZ10: - | HA10: - | HB10: 45350 | HC10: =IF(Table1[[#This Row],[Flushing Actual (tanggal)]]<>"","Sudah","Belum") -> Sudah | HD10: 45327 | HE10: #N/A | HF10: 45333 | HG10: 45350 | HH10: =IF(AND(Table1[[#This Row],[TC Aktual (tanggal)]]="",Table1[[#This Row],[PLAN TC finish]]>NOW()),"Belum, OnSchedule",IF(AND(Table1[[#This Row],[TC Aktual (tanggal)]]="",Table1[[#This Row],[PLAN TC finish]]<NOW()),"Belum, Delay",IF(AND(Table1[[#This Row],[TC Aktual (tanggal)]]<>"",Table1[[#This Row],[TC Aktual (tanggal)]]<Table1[[#This Row],[PLAN TC finish]]),"Sudah, OnSchedule",IF(AND(Table1[[#This Row],[TC Aktual (tanggal)]]<>"",Table1[[#This Row],[TC Aktual (tanggal)]]>Table1[[#This Row],[PLAN TC finish]]),"Sudah, Delay")))) -> Sudah, Delay | HI10: - | HJ10: - | HM10: 45338 | HN10: 45338 | HO10: #N/A | HQ10: 45352 | HR10: =IF(AND(Table1[[#This Row],[BA MC-100 Aktual (Verifikasi)]]="",Table1[[#This Row],[PLAN MC-100 finish]]>NOW()),"Belum, OnSchedule",IF(AND(Table1[[#This Row],[BA MC-100 Aktual (Verifikasi)]]="",Table1[[#This Row],[PLAN MC-100 finish]]<NOW()),"Belum, Delay",IF(AND(Table1[[#This Row],[BA MC-100 Aktual (Verifikasi)]]<>"",Table1[[#This Row],[BA MC-100 Aktual (Verifikasi)]]<Table1[[#This Row],[PLAN MC-100 finish]]),"Sudah, OnSchedule",IF(AND(Table1[[#This Row],[BA MC-100 Aktual (Verifikasi)]]<>"",Table1[[#This Row],[BA MC-100 Aktual (Verifikasi)]]>Table1[[#This Row],[PLAN MC-100 finish]]),"Sudah, Delay")))) -> Sudah, Delay | HS10: 45345 | HU10: 45345 | HW10: 45714 | HX10: =IF(AND(Table1[[#This Row],[Aktual Submit DPPP (tanggal)]]="",Table1[[#This Row],[PLAN DPPP finish]]>NOW()),"Belum, OnSchedule",IF(AND(Table1[[#This Row],[Aktual Submit DPPP (tanggal)]]="",Table1[[#This Row],[PLAN DPPP finish]]<NOW()),"Belum, Delay",IF(AND(Table1[[#This Row],[Aktual Submit DPPP (tanggal)]]<>"",Table1[[#This Row],[Aktual Submit DPPP (tanggal)]]<Table1[[#This Row],[PLAN DPPP finish]]),"Sudah, OnSchedule",IF(AND(Table1[[#This Row],[Aktual Submit DPPP (tanggal)]]<>"",Table1[[#This Row],[Aktual Submit DPPP (tanggal)]]>Table1[[#This Row],[PLAN DPPP finish]]),"Sudah, Delay")))) -> Sudah, Delay | IC10: =IFERROR(ROUND((Table1[[#This Row],[PLAN TC finish]]-Table1[[#This Row],[PLAN MC-0 start]])/30,2),"") -> 0.9 | ID10: =DATEDIF(Table1[[#This Row],[PLAN MC-0 start]],Table1[[#This Row],[PLAN TC finish]],"m") -> 0
B11: =SUBTOTAL(3,$D$5:D11) -> 7 | C11: 7 | D11: SPAM Jatiluhur Hilir | E11: 23ABJ.NINJT076.01 | F11: PC 076 Kalibaru Barat RT005/RW015 | G11: 45752 | H11: MS | I11: JDU+JDB+JDL | K11: Muhrojin | L11: Pipa | M11: PMO 1 | N11: 80 | O11: m | P11: =IF(NOW()>Table1[[#This Row],[PLAN MC-100 start]],"Selesai Fisik dan Dokumen",IF(AND(Table1[[#This Row],[PLAN MC-100 start]]<=NOW(),NOW()<=Table1[[#This Row],[PLAN MC-100 finish]]),"MC-100",IF(AND(Table1[[#This Row],[PLAN TC start]]<=NOW(),NOW()<=Table1[[#This Row],[PLAN TC finish]]),"Tes Com",IF(AND(Table1[[#This Row],[PLAN KONSTRUKSI start]]<=NOW(),NOW()<=Table1[[#This Row],[PLAN KONSTRUKSI finish]]),"Proses Konstruksi",IF(AND(Table1[[#This Row],[PLAN MOS start]]<=NOW(),NOW()<=Table1[[#This Row],[PLAN MOS finish]]),"Proses MOS",IF(AND(Table1[[#This Row],[PLAN MC-0 start]]<=NOW(),NOW()<=Table1[[#This Row],[PLAN MC-0 finish]]),"MC-0",IF(AND(Table1[[#This Row],[PLAN PR-PO BPM Jasa start]]<=NOW(),NOW()<=Table1[[#This Row],[PLAN PR-PO BPM Material finish]]),"PR-PO BPM",IF(AND(Table1[[#This Row],[PLAN PR-PO ABJ start]]<=NOW(),NOW()<=Table1[[#This Row],[PLAN PR-PO ABJ finish]]),"PR-PO ABJ",IF(NOW()<Table1[[#This Row],[PLAN PR-PO ABJ finish]],"Persiapan",""))))))))) -> Selesai Fisik dan Dokumen | Q11: =IF(LEFT(Table1[[#This Row],[Review DPPP]],5)="Sudah","DPPP",IF(LEFT(Table1[[#This Row],[Review MC-100]],5)="Sudah","MC-100",IF(LEFT(Table1[[#This Row],[Status TC]],5)="Sudah","Tes Com",IF(Table1[[#This Row],[Status Flushing]]="Sudah","Flushing",IF(Table1[[#This Row],[Total Panjang Pipa Aktual (Sum->)3]]>0,"Proses Konstruksi",IF(LEFT(Table1[[#This Row],[Review MC-0]],5)="Sudah","MC-0",IF(LEFT(Table1[[#This Row],[Review Kick Off]],5)="Sudah","Kick Off Meeting",IF(LEFT(Table1[[#This Row],[Review PCM]],5)="Sudah","PCM",IF(LEFT(Table1[[#This Row],[Status MOS]],10)="Proses MOS","Proses MOS",IF(LEFT(Table1[[#This Row],[Review PO Jasa BPM]],5)="Sudah","PO Jasa BPM",IF(LEFT(Table1[[#This Row],[Review PR Jasa BPM]],5)="Sudah","PR Jasa BPM",IF(LEFT(Table1[[#This Row],[Review PO Material BPM]],5)="Sudah","PO Material BPM",IF(LEFT(Table1[[#This Row],[Review PR Material BPM]],5)="Sudah","PR Material BPM",IF(LEFT(Table1[[#This Row],[Review PO ABJ]],5)="Sudah","PO ABJ",IF(LEFT(Table1[[#This Row],[Review PR ABJ]],5)="Sudah","PR ABJ","Persiapan"))))))))))))))) -> DPPP | R11: #N/A | S11: 1 | T11: =Table1[[#This Row],[Progres Total Aktual (%)]] -> 1 | U11: =Table1[[#This Row],[Progres Aktual (%)]]-Table1[[#This Row],[Target Progres (%)]] -> 0 | V11: =Table1[[#This Row],["Volume BA MC-0"]] -> 80 | W11: =Table1[[#This Row],[Total Panjang Pipa Aktual (Sum->)3]] -> 80 | Y11: Jl. Kalibaru Barat RT 005 RW 015 Kel. Kalibaru | Z11: 1.8857282e+08 | AA11: =ROUND((Table1[[#This Row],[Nilai RAB Jaringan (Exclude Ppn)]]-Table1[[#This Row],[RAB Perizinan]])*1.11+Table1[[#This Row],[RAB Perizinan]],0) -> 0 | AB11: =SUM(Table1[[#This Row],[RAB Kegiatan Umum]:[RAB Perizinan]]) -> 0 | AG11: 24595780 | AH11: =SUM(Table1[[#This Row],[Bobot Keg Umum]:[Bobot Perizinan]]) -> #DIV/0! | AI11: =Table1[[#This Row],[RAB Kegiatan Umum]]/Table1[[#This Row],[Nilai RAB Jaringan (Exclude Ppn)]] -> #DIV/0! | AJ11: =Table1[[#This Row],[RAB Pemasangan]]/Table1[[#This Row],[Nilai RAB Jaringan (Exclude Ppn)]] -> #DIV/0! | AK11: =Table1[[#This Row],[RAB Pengadaan]]/Table1[[#This Row],[Nilai RAB Jaringan (Exclude Ppn)]] -> #DIV/0! | AL11: =Table1[[#This Row],[RAB Perizinan]]/Table1[[#This Row],[Nilai RAB Jaringan (Exclude Ppn)]] -> #DIV/0! | AN11: 80 | AO11: =SUM(Table1[[#This Row],[Pipa 63 mm]:[Pipa 1,800 mm]]) -> 0 | BJ11: =SUM(Table1[[#This Row],[Pipa 63 mm2]:[Pipa 1,800 mm21]]) -> 80 | BL11: 80 | CE11: 0 | CI11: =SUM(CE11:CH11) -> 0 | CJ11: =IF((Table1[[#This Row],["Volume BA MC-0"]]-Table1[[#This Row],[Total Panjang Pipa Aktual (Sum->)3]]-Table1[[#This Row],[Total Volume tidak dapat dipasang]])>=0,Table1[[#This Row],["Volume BA MC-0"]]-Table1[[#This Row],[Total Panjang Pipa Aktual (Sum->)3]]-Table1[[#This Row],[Total Volume tidak dapat dipasang]],0) -> 0 | CP11: =IFERROR(IF(Table1[[#This Row],[Nilai RNA Update]]>0,Table1[[#This Row],[Nilai RNA Update]]/Table1[[#This Row],[Nilai RNA Update]],IF(Table1[[#This Row],[VOWD Total (Rp)]]=0,IF(LEFT(Table1[[#This Row],[Review PO Material BPM]],5)="Sudah",Table1[[#This Row],[Progres MOS]]*80%*Table1[[#This Row],[Bobot Pengadaan]],Table1[[#This Row],[Progres MOS]]*60%*Table1[[#This Row],[Bobot Pengadaan]]),Table1[[#This Row],[VOWD Total (Rp)]]/Table1[[#This Row],[Kontrol Nilai RAB Jaringan (Include Ppn)]])),0) -> 1 | CQ11: =IFERROR(Table1[[#This Row],[Progres Keg. Umum (%)]]*Table1[[#This Row],[Nilai RAB Jaringan (file pa aji)]],0) -> 0 | CR11: =IFERROR(Table1[[#This Row],[Progres MOS (%)]]*Table1[[#This Row],[Nilai RAB Jaringan (file pa aji)]],0) -> 0 | CS11: =IFERROR(Table1[[#This Row],[Progres Pemasangan (%)]]*Table1[[#This Row],[Nilai RAB Jaringan (file pa aji)]],0) -> 0 | CT11: =IFERROR(Table1[[#This Row],[Progres Perizinan (%)]]*Table1[[#This Row],[Nilai RAB Jaringan (file pa aji)]],0) -> 0 | CU11: 289307432 | CV11: 289307432 | CW11: 289307432 | CX11: =_xlfn.XLOOKUP(Table1[[#This Row],[Kode Program]],'[1]Breakdown VOWD Greenfield'!$E:$E,'[1]Breakdown VOWD Greenfield'!$AT:$AT) -> 289307432 | CZ11: 45383 | DA11: 45417 | DB11: 45344 | DC11: AJC/2024/02/Q800/7 | DD11: 188572819 | DE11: =IF(AND(Table1[[#This Row],[PR Aktual (tanggal)]]="",Table1[[#This Row],[PLAN PR-PO ABJ finish]]>=NOW()),"Belum, OnSchedule",IF(AND(Table1[[#This Row],[PR Aktual (tanggal)]]="",Table1[[#This Row],[PLAN PR-PO ABJ finish]]<NOW()),"Belum, Delay",IF(AND(Table1[[#This Row],[PR Aktual (tanggal)]]<>"",Table1[[#This Row],[PR Aktual (tanggal)]]<=Table1[[#This Row],[PLAN PR-PO ABJ finish]]),"Sudah, OnSchedule",IF(AND(Table1[[#This Row],[PR Aktual (tanggal)]]<>"",Table1[[#This Row],[PR Aktual (tanggal)]]>Table1[[#This Row],[PLAN PR-PO ABJ finish]]),"Sudah, Delay")))) -> Sudah, OnSchedule | DF11: 45370 | DG11: AJCPOV-2400054 | DH11: 188572819 | DI11: =IF(AND(Table1[[#This Row],[PO Aktual (tanggal)]]="",Table1[[#This Row],[PLAN PR-PO ABJ finish]]>NOW()),"Belum, OnSchedule",IF(AND(Table1[[#This Row],[PO Aktual (tanggal)]]="",Table1[[#This Row],[PLAN PR-PO ABJ finish]]<NOW()),"Belum, Delay",IF(AND(Table1[[#This Row],[PO Aktual (tanggal)]]<>"",Table1[[#This Row],[PO Aktual (tanggal)]]<Table1[[#This Row],[PLAN PR-PO ABJ finish]]),"Sudah, OnSchedule",IF(AND(Table1[[#This Row],[PO Aktual (tanggal)]]<>"",Table1[[#This Row],[PO Aktual (tanggal)]]>Table1[[#This Row],[PLAN PR-PO ABJ finish]]),"Sudah, Delay")))) -> Sudah, OnSchedule | DJ11: 45418 | DK11: 45466 | DN11: =IF(AND(Table1[[#This Row],[PR Jasa Aktual (tanggal)]]="",Table1[[#This Row],[PLAN PR-PO BPM Jasa finish]]>NOW()),"Belum, OnSchedule",IF(AND(Table1[[#This Row],[PR Jasa Aktual (tanggal)]]="",Table1[[#This Row],[PLAN PR-PO BPM Jasa finish]]<NOW()),"Belum, Delay",IF(AND(Table1[[#This Row],[PR Jasa Aktual (tanggal)]]<>"",Table1[[#This Row],[PR Jasa Aktual (tanggal)]]<=Table1[[#This Row],[PLAN PR-PO BPM Jasa finish]]),"Sudah, OnSchedule",IF(AND(Table1[[#This Row],[PR Jasa Aktual (tanggal)]]<>"",Table1[[#This Row],[PR Jasa Aktual (tanggal)]]>Table1[[#This Row],[PLAN PR-PO BPM Jasa finish]]),"Sudah, Delay")))) -> Belum, Delay | DR11: =IF(AND(Table1[[#This Row],[PO Jasa Aktual (tanggal)]]="",Table1[[#This Row],[PLAN PR-PO BPM Jasa finish]]>NOW()),"Belum, OnSchedule",IF(AND(Table1[[#This Row],[PO Jasa Aktual (tanggal)]]="",Table1[[#This Row],[PLAN PR-PO BPM Jasa finish]]<NOW()),"Belum, Delay",IF(AND(Table1[[#This Row],[PO Jasa Aktual (tanggal)]]<>"",Table1[[#This Row],[PO Jasa Aktual (tanggal)]]<Table1[[#This Row],[PLAN PR-PO BPM Jasa finish]]),"Sudah, OnSchedule",IF(AND(Table1[[#This Row],[PO Jasa Aktual (tanggal)]]<>"",Table1[[#This Row],[PO Jasa Aktual (tanggal)]]>Table1[[#This Row],[PLAN PR-PO BPM Jasa finish]]),"Sudah, Delay")))) -> Belum, Delay | DS11: 45418 | DT11: #N/A | DU11: 45466 | DV11: #N/A | EA11: =IF(AND(Table1[[#This Row],[PR Material Aktual (tanggal)]]="",Table1[[#This Row],[PLAN PR-PO BPM Material finish]]>NOW()),"Belum, OnSchedule",IF(AND(Table1[[#This Row],[PR Material Aktual (tanggal)]]="",Table1[[#This Row],[PLAN PR-PO BPM Material finish]]<NOW()),"Belum, Delay",IF(AND(Table1[[#This Row],[PR Material Aktual (tanggal)]]<>"",Table1[[#This Row],[PR Material Aktual (tanggal)]]<Table1[[#This Row],[PLAN PR-PO BPM Material finish]]),"Sudah, OnSchedule",IF(AND(Table1[[#This Row],[PR Material Aktual (tanggal)]]<>"",Table1[[#This Row],[PR Material Aktual (tanggal)]]>Table1[[#This Row],[PLAN PR-PO BPM Material finish]]),"Sudah, Delay")))) -> Belum, Delay | EF11: 1 | EG11: 1 | EH11: =IF(Table1[[#This Row],[PO Material Aktual (%)]]>=100%,"Selesai PO = 100%",IF(Table1[[#This Row],[PO Material Aktual (%)]]>=50%,"Proses PO > 100%",IF(Table1[[#This Row],[PO Material Aktual (%)]]>0%,"Proses PO > 50%",IF(Table1[[#This Row],[PO Material Aktual (%)]]=0,"Belum PO = 0%")))) -> Selesai PO = 100% | EI11: =IF(AND(Table1[[#This Row],[Tanggal Selesai PO Material]]="",Table1[[#This Row],[PLAN PR-PO BPM Material finish]]>=NOW()),"Belum, OnSchedule",IF(AND(Table1[[#This Row],[Tanggal Selesai PO Material]]="",Table1[[#This Row],[PLAN PR-PO BPM Material finish]]<NOW()),"Belum, Delay",IF(AND(Table1[[#This Row],[Tanggal Selesai PO Material]]<>"",Table1[[#This Row],[Tanggal Selesai PO Material]]<=Table1[[#This Row],[PLAN PR-PO BPM Material finish]]),"Sudah, OnSchedule",IF(AND(Table1[[#This Row],[Tanggal Selesai PO Material]]<>"",Table1[[#This Row],[Tanggal Selesai PO Material]]>Table1[[#This Row],[PLAN PR-PO BPM Material finish]]),"Sudah, Delay")))) -> Belum, Delay | EJ11: 45467 | EK11: #N/A | EL11: 45529 | EM11: #N/A | EQ11: 1 | ER11: 1 | ES11: =IF(Table1[[#This Row],[Progres MOS]]>=100%,"Selesai MOS = 100%",IF(Table1[[#This Row],[Progres MOS]]>=50%,"Proses MOS > 100%",IF(Table1[[#This Row],[Progres MOS]]>0%,"Proses MOS > 50%",IF(Table1[[#This Row],[Progres MOS]]=0,"Belum MOS = 0%")))) -> Selesai MOS = 100% | ET11: =IF(AND(Table1[[#This Row],[Tanggal Selesai MOS]]="",Table1[[#This Row],[PLAN MOS finish]]>=NOW()),"Belum, OnSchedule",IF(AND(Table1[[#This Row],[Tanggal Selesai MOS]]="",Table1[[#This Row],[PLAN MOS finish]]<NOW()),"Belum, Delay",IF(AND(Table1[[#This Row],[Tanggal Selesai MOS]]<>"",Table1[[#This Row],[Tanggal Selesai MOS]]<=Table1[[#This Row],[PLAN MOS finish]]),"Sudah, OnSchedule",IF(AND(Table1[[#This Row],[Tanggal Selesai MOS]]<>"",Table1[[#This Row],[Tanggal Selesai MOS]]>Table1[[#This Row],[PLAN MOS finish]]),"Sudah, Delay")))) -> Belum, Delay | EV11: 45418 | EW11: #N/A | EX11: 45529 | EY11: #N/A | EZ11: 9.Proses Penerbitan Izin | FA11: 10.Izin Terbit | FB11: Sudah | FC11: 45796 | FD11: Sudah | FE11: 45895 | FF11: 45944 | FG11: Sudah | FH11: Sudah | FI11: 46021 | FJ11: Sudah | FK11: 46087 | FL11: 9.Proses Penerbitan Izin | FM11: 45796 | FN11: =IF(Table1[[#This Row],[Tanggal Pengajuan Dokumen]]="","",Table1[[#This Row],[PLAN PERMIT start]]-Table1[[#This Row],[Tanggal Pengajuan Dokumen]]) -> -378 | FS11: =IF(COUNTIF(EZ11:FR11,"*terbit*")>=1,"Sudah Terbit","On Going") -> Sudah Terbit | FT11: =IF(ISNUMBER(SEARCH("On Going",Table1[[#This Row],[Status Perizinan]])),"On Going",IF(ISNUMBER(SEARCH("Sudah Terbit",Table1[[#This Row],[Status Perizinan]])),"Selesai",IF(NOW()<Table1[[#This Row],[PLAN PERMIT start]],"Belum",IF(AND(NOW()>=Table1[[#This Row],[PLAN PERMIT start]],NOW()<=Table1[[#This Row],[PLAN PERMIT finish]]),"On Going","Terlambat")))) -> Selesai | FU11: =IF(Table1[[#This Row],[Status Izin]]="Selesai",Table1[[#This Row],[PLAN PERMIT finish]]-Table1[[#This Row],[Tanggal Terbit/ Target Izin Terbit]],ROUNDUP(Table1[[#This Row],[PLAN PERMIT finish]]-NOW(),0)) -> 45529 | FV11: =IF(Table1[[#This Row],[Tanggal Terbit/ Target Izin Terbit]]="","Delay",IF(Table1[[#This Row],[Tanggal Terbit/ Target Izin Terbit]]<Table1[[#This Row],[PLAN PERMIT start]],"Ahead",IF(AND(Table1[[#This Row],[PLAN PERMIT start]]<=Table1[[#This Row],[Tanggal Terbit/ Target Izin Terbit]],Table1[[#This Row],[PLAN PERMIT finish]]>=Table1[[#This Row],[Tanggal Terbit/ Target Izin Terbit]]),"On Schedule",IF(Table1[[#This Row],[Tanggal Terbit/ Target Izin Terbit]]>Table1[[#This Row],[PLAN PERMIT finish]],"Delay")))) -> Delay | GA11: =IF(AND(Table1[[#This Row],[Aktual DPPK]]="",Table1[[#This Row],[PLAN Penyerahan DPPK]]>NOW()),"Belum, OnSchedule",IF(AND(Table1[[#This Row],[Aktual DPPK]]="",Table1[[#This Row],[PLAN Penyerahan DPPK]]<NOW()),"Belum, Delay",IF(AND(Table1[[#This Row],[Aktual DPPK]]<>"",Table1[[#This Row],[Aktual DPPK]]<=Table1[[#This Row],[PLAN Penyerahan DPPK]]),"Sudah, OnSchedule",IF(AND(Table1[[#This Row],[Aktual DPPK]]<>"",Table1[[#This Row],[Aktual DPPK]]>Table1[[#This Row],[PLAN Penyerahan DPPK]]),"Sudah, Delay")))) -> Belum, Delay | GB11: 45503 | GC11: 45425 | GD11: =IF(AND(Table1[[#This Row],[Tanggal Aktual PCM]]="",Table1[[#This Row],[PLAN PCM]]>NOW()),"Belum, OnSchedule",IF(AND(Table1[[#This Row],[Tanggal Aktual PCM]]="",Table1[[#This Row],[PLAN PCM]]<NOW()),"Belum, Delay",IF(AND(Table1[[#This Row],[Tanggal Aktual PCM]]<>"",Table1[[#This Row],[Tanggal Aktual PCM]]<=Table1[[#This Row],[PLAN PCM]]),"Sudah, OnSchedule",IF(AND(Table1[[#This Row],[Tanggal Aktual PCM]]<>"",Table1[[#This Row],[Tanggal Aktual PCM]]>=Table1[[#This Row],[PLAN PCM]]),"Sudah, Delay")))) -> Sudah, OnSchedule | GE11: 45510 | GF11: 45425 | GG11: =IF(AND(Table1[[#This Row],[Tanggal Aktual Kick Off]]="",Table1[[#This Row],[PLAN Kick Off]]>NOW()),"Belum, OnSchedule",IF(AND(Table1[[#This Row],[Tanggal Aktual Kick Off]]="",Table1[[#This Row],[PLAN Kick Off]]<NOW()),"Belum, Delay",IF(AND(Table1[[#This Row],[Tanggal Aktual Kick Off]]<>"",Table1[[#This Row],[Tanggal Aktual Kick Off]]<=Table1[[#This Row],[PLAN Kick Off]]),"Sudah, OnSchedule",IF(AND(Table1[[#This Row],[Tanggal Aktual Kick Off]]<>"",Table1[[#This Row],[Tanggal Aktual Kick Off]]>=Table1[[#This Row],[PLAN Kick Off]]),"Sudah, Delay")))) -> Sudah, OnSchedule | GH11: 45516 | GI11: 45522 | GJ11: 45428 | GK11: =IF(AND(Table1[[#This Row],[Tanggal Aktual MC-0]]="",Table1[[#This Row],[PLAN MC-0 finish]]>NOW()),"Belum, OnSchedule",IF(AND(Table1[[#This Row],[Tanggal Aktual MC-0]]="",Table1[[#This Row],[PLAN MC-0 finish]]<NOW()),"Belum, Delay",IF(AND(Table1[[#This Row],[Tanggal Aktual MC-0]]<>"",Table1[[#This Row],[Tanggal Aktual MC-0]]<Table1[[#This Row],[PLAN MC-0 finish]]),"Sudah, OnSchedule",IF(AND(Table1[[#This Row],[Tanggal Aktual MC-0]]<>"",Table1[[#This Row],[Tanggal Aktual MC-0]]>Table1[[#This Row],[PLAN MC-0 finish]]),"Sudah, Delay")))) -> Sudah, OnSchedule | GL11: 45530 | GM11: #N/A | GN11: 45536 | GO11: #N/A | GQ11: =IF(AND(Table1[[#This Row],[Aktual Selesai Konstruksi* (tanggal)]]="",Table1[[#This Row],[PLAN KONSTRUKSI finish]]>NOW()),"Belum, OnSchedule",IF(AND(Table1[[#This Row],[Aktual Selesai Konstruksi* (tanggal)]]="",Table1[[#This Row],[PLAN KONSTRUKSI finish]]<NOW()),"Belum, Delay",IF(AND(Table1[[#This Row],[Aktual Selesai Konstruksi* (tanggal)]]<>"",Table1[[#This Row],[Aktual Selesai Konstruksi* (tanggal)]]<Table1[[#This Row],[PLAN KONSTRUKSI finish]]),"Sudah, OnSchedule",IF(AND(Table1[[#This Row],[Aktual Selesai Konstruksi* (tanggal)]]<>"",Table1[[#This Row],[Aktual Selesai Konstruksi* (tanggal)]]>Table1[[#This Row],[PLAN KONSTRUKSI finish]]),"Sudah, Delay")))) -> Belum, Delay | GR11: - | GS11: - | GT11: 45543 | GU11: =IF(Table1[[#This Row],[Hydro Tes Actual (tanggal)]]<>"","Sudah","Belum") -> Sudah | GV11: - | GW11: - | GX11: 45544 | GY11: =IF(Table1[[#This Row],[Interkoneksi Actual (tanggal)]]<>"","Sudah","Belum") -> Sudah | GZ11: - | HA11: - | HB11: 45544 | HC11: =IF(Table1[[#This Row],[Flushing Actual (tanggal)]]<>"","Sudah","Belum") -> Sudah | HD11: 45537 | HE11: #N/A | HF11: 45543 | HG11: 45553 | HH11: =IF(AND(Table1[[#This Row],[TC Aktual (tanggal)]]="",Table1[[#This Row],[PLAN TC finish]]>NOW()),"Belum, OnSchedule",IF(AND(Table1[[#This Row],[TC Aktual (tanggal)]]="",Table1[[#This Row],[PLAN TC finish]]<NOW()),"Belum, Delay",IF(AND(Table1[[#This Row],[TC Aktual (tanggal)]]<>"",Table1[[#This Row],[TC Aktual (tanggal)]]<Table1[[#This Row],[PLAN TC finish]]),"Sudah, OnSchedule",IF(AND(Table1[[#This Row],[TC Aktual (tanggal)]]<>"",Table1[[#This Row],[TC Aktual (tanggal)]]>Table1[[#This Row],[PLAN TC finish]]),"Sudah, Delay")))) -> Sudah, Delay | HI11: - | HJ11: - | HM11: 45548 | HN11: 45548 | HO11: #N/A | HQ11: 45553 | HR11: =IF(AND(Table1[[#This Row],[BA MC-100 Aktual (Verifikasi)]]="",Table1[[#This Row],[PLAN MC-100 finish]]>NOW()),"Belum, OnSchedule",IF(AND(Table1[[#This Row],[BA MC-100 Aktual (Verifikasi)]]="",Table1[[#This Row],[PLAN MC-100 finish]]<NOW()),"Belum, Delay",IF(AND(Table1[[#This Row],[BA MC-100 Aktual (Verifikasi)]]<>"",Table1[[#This Row],[BA MC-100 Aktual (Verifikasi)]]<Table1[[#This Row],[PLAN MC-100 finish]]),"Sudah, OnSchedule",IF(AND(Table1[[#This Row],[BA MC-100 Aktual (Verifikasi)]]<>"",Table1[[#This Row],[BA MC-100 Aktual (Verifikasi)]]>Table1[[#This Row],[PLAN MC-100 finish]]),"Sudah, Delay")))) -> Sudah, Delay | HS11: 45555 | HU11: 45555 | HW11: 45714 | HX11: =IF(AND(Table1[[#This Row],[Aktual Submit DPPP (tanggal)]]="",Table1[[#This Row],[PLAN DPPP finish]]>NOW()),"Belum, OnSchedule",IF(AND(Table1[[#This Row],[Aktual Submit DPPP (tanggal)]]="",Table1[[#This Row],[PLAN DPPP finish]]<NOW()),"Belum, Delay",IF(AND(Table1[[#This Row],[Aktual Submit DPPP (tanggal)]]<>"",Table1[[#This Row],[Aktual Submit DPPP (tanggal)]]<Table1[[#This Row],[PLAN DPPP finish]]),"Sudah, OnSchedule",IF(AND(Table1[[#This Row],[Aktual Submit DPPP (tanggal)]]<>"",Table1[[#This Row],[Aktual Submit DPPP (tanggal)]]>Table1[[#This Row],[PLAN DPPP finish]]),"Sudah, Delay")))) -> Sudah, Delay | IC11: =IFERROR(ROUND((Table1[[#This Row],[PLAN TC finish]]-Table1[[#This Row],[PLAN MC-0 start]])/30,2),"") -> 0.9 | ID11: =DATEDIF(Table1[[#This Row],[PLAN MC-0 start]],Table1[[#This Row],[PLAN TC finish]],"m") -> 0
B12: =SUBTOTAL(3,$D$5:D12) -> 8 | C12: 8 | D12: SPAM Jatiluhur Hilir | E12: 23ABJ.NINJT092.01 | F12: PC 092 Sunter Jaya | G12: 45752 | H12: MS | I12: JDU+JDB+JDL | K12: Muhrojin | L12: Pipa | M12: PMO 1 | N12: 231 | O12: m | P12: =IF(NOW()>Table1[[#This Row],[PLAN MC-100 start]],"Selesai Fisik dan Dokumen",IF(AND(Table1[[#This Row],[PLAN MC-100 start]]<=NOW(),NOW()<=Table1[[#This Row],[PLAN MC-100 finish]]),"MC-100",IF(AND(Table1[[#This Row],[PLAN TC start]]<=NOW(),NOW()<=Table1[[#This Row],[PLAN TC finish]]),"Tes Com",IF(AND(Table1[[#This Row],[PLAN KONSTRUKSI start]]<=NOW(),NOW()<=Table1[[#This Row],[PLAN KONSTRUKSI finish]]),"Proses Konstruksi",IF(AND(Table1[[#This Row],[PLAN MOS start]]<=NOW(),NOW()<=Table1[[#This Row],[PLAN MOS finish]]),"Proses MOS",IF(AND(Table1[[#This Row],[PLAN MC-0 start]]<=NOW(),NOW()<=Table1[[#This Row],[PLAN MC-0 finish]]),"MC-0",IF(AND(Table1[[#This Row],[PLAN PR-PO BPM Jasa start]]<=NOW(),NOW()<=Table1[[#This Row],[PLAN PR-PO BPM Material finish]]),"PR-PO BPM",IF(AND(Table1[[#This Row],[PLAN PR-PO ABJ start]]<=NOW(),NOW()<=Table1[[#This Row],[PLAN PR-PO ABJ finish]]),"PR-PO ABJ",IF(NOW()<Table1[[#This Row],[PLAN PR-PO ABJ finish]],"Persiapan",""))))))))) -> Selesai Fisik dan Dokumen | Q12: =IF(LEFT(Table1[[#This Row],[Review DPPP]],5)="Sudah","DPPP",IF(LEFT(Table1[[#This Row],[Review MC-100]],5)="Sudah","MC-100",IF(LEFT(Table1[[#This Row],[Status TC]],5)="Sudah","Tes Com",IF(Table1[[#This Row],[Status Flushing]]="Sudah","Flushing",IF(Table1[[#This Row],[Total Panjang Pipa Aktual (Sum->)3]]>0,"Proses Konstruksi",IF(LEFT(Table1[[#This Row],[Review MC-0]],5)="Sudah","MC-0",IF(LEFT(Table1[[#This Row],[Review Kick Off]],5)="Sudah","Kick Off Meeting",IF(LEFT(Table1[[#This Row],[Review PCM]],5)="Sudah","PCM",IF(LEFT(Table1[[#This Row],[Status MOS]],10)="Proses MOS","Proses MOS",IF(LEFT(Table1[[#This Row],[Review PO Jasa BPM]],5)="Sudah","PO Jasa BPM",IF(LEFT(Table1[[#This Row],[Review PR Jasa BPM]],5)="Sudah","PR Jasa BPM",IF(LEFT(Table1[[#This Row],[Review PO Material BPM]],5)="Sudah","PO Material BPM",IF(LEFT(Table1[[#This Row],[Review PR Material BPM]],5)="Sudah","PR Material BPM",IF(LEFT(Table1[[#This Row],[Review PO ABJ]],5)="Sudah","PO ABJ",IF(LEFT(Table1[[#This Row],[Review PR ABJ]],5)="Sudah","PR ABJ","Persiapan"))))))))))))))) -> DPPP | R12: #N/A | S12: 1 | T12: =Table1[[#This Row],[Progres Total Aktual (%)]] -> 1 | U12: =Table1[[#This Row],[Progres Aktual (%)]]-Table1[[#This Row],[Target Progres (%)]] -> 0 | V12: =Table1[[#This Row],["Volume BA MC-0"]] -> 240 | W12: =Table1[[#This Row],[Total Panjang Pipa Aktual (Sum->)3]] -> 175 | Y12: Jl. Sunter Jaya RT 007 RW 009 Kel. Sunter | Z12: 433097946 | AA12: =ROUND((Table1[[#This Row],[Nilai RAB Jaringan (Exclude Ppn)]]-Table1[[#This Row],[RAB Perizinan]])*1.11+Table1[[#This Row],[RAB Perizinan]],0) -> 0 | AB12: =SUM(Table1[[#This Row],[RAB Kegiatan Umum]:[RAB Perizinan]]) -> 0 | AG12: 24595780 | AH12: =SUM(Table1[[#This Row],[Bobot Keg Umum]:[Bobot Perizinan]]) -> #DIV/0! | AI12: =Table1[[#This Row],[RAB Kegiatan Umum]]/Table1[[#This Row],[Nilai RAB Jaringan (Exclude Ppn)]] -> #DIV/0! | AJ12: =Table1[[#This Row],[RAB Pemasangan]]/Table1[[#This Row],[Nilai RAB Jaringan (Exclude Ppn)]] -> #DIV/0! | AK12: =Table1[[#This Row],[RAB Pengadaan]]/Table1[[#This Row],[Nilai RAB Jaringan (Exclude Ppn)]] -> #DIV/0! | AL12: =Table1[[#This Row],[RAB Perizinan]]/Table1[[#This Row],[Nilai RAB Jaringan (Exclude Ppn)]] -> #DIV/0! | AN12: 240 | AO12: =SUM(Table1[[#This Row],[Pipa 63 mm]:[Pipa 1,800 mm]]) -> 0 | BJ12: =SUM(Table1[[#This Row],[Pipa 63 mm2]:[Pipa 1,800 mm21]]) -> 175 | BL12: 175 | CE12: 0 | CI12: =SUM(CE12:CH12) -> 0 | CJ12: =IF((Table1[[#This Row],["Volume BA MC-0"]]-Table1[[#This Row],[Total Panjang Pipa Aktual (Sum->)3]]-Table1[[#This Row],[Total Volume tidak dapat dipasang]])>=0,Table1[[#This Row],["Volume BA MC-0"]]-Table1[[#This Row],[Total Panjang Pipa Aktual (Sum->)3]]-Table1[[#This Row],[Total Volume tidak dapat dipasang]],0) -> 65 | CP12: =IFERROR(IF(Table1[[#This Row],[Nilai RNA Update]]>0,Table1[[#This Row],[Nilai RNA Update]]/Table1[[#This Row],[Nilai RNA Update]],IF(Table1[[#This Row],[VOWD Total (Rp)]]=0,IF(LEFT(Table1[[#This Row],[Review PO Material BPM]],5)="Sudah",Table1[[#This Row],[Progres MOS]]*80%*Table1[[#This Row],[Bobot Pengadaan]],Table1[[#This Row],[Progres MOS]]*60%*Table1[[#This Row],[Bobot Pengadaan]]),Table1[[#This Row],[VOWD Total (Rp)]]/Table1[[#This Row],[Kontrol Nilai RAB Jaringan (Include Ppn)]])),0) -> 1 | CQ12: =IFERROR(Table1[[#This Row],[Progres Keg. Umum (%)]]*Table1[[#This Row],[Nilai RAB Jaringan (file pa aji)]],0) -> 0 | CR12: =IFERROR(Table1[[#This Row],[Progres MOS (%)]]*Table1[[#This Row],[Nilai RAB Jaringan (file pa aji)]],0) -> 0 | CS12: =IFERROR(Table1[[#This Row],[Progres Pemasangan (%)]]*Table1[[#This Row],[Nilai RAB Jaringan (file pa aji)]],0) -> 0 | CT12: =IFERROR(Table1[[#This Row],[Progres Perizinan (%)]]*Table1[[#This Row],[Nilai RAB Jaringan (file pa aji)]],0) -> 0 | CU12: 243741183 | CV12: 243741183 | CW12: 243741183 | CX12: =_xlfn.XLOOKUP(Table1[[#This Row],[Kode Program]],'[1]Breakdown VOWD Greenfield'!$E:$E,'[1]Breakdown VOWD Greenfield'!$AT:$AT) -> 243741183 | CZ12: 45383 | DA12: 45417 | DE12: =IF(AND(Table1[[#This Row],[PR Aktual (tanggal)]]="",Table1[[#This Row],[PLAN PR-PO ABJ finish]]>=NOW()),"Belum, OnSchedule",IF(AND(Table1[[#This Row],[PR Aktual (tanggal)]]="",Table1[[#This Row],[PLAN PR-PO ABJ finish]]<NOW()),"Belum, Delay",IF(AND(Table1[[#This Row],[PR Aktual (tanggal)]]<>"",Table1[[#This Row],[PR Aktual (tanggal)]]<=Table1[[#This Row],[PLAN PR-PO ABJ finish]]),"Sudah, OnSchedule",IF(AND(Table1[[#This Row],[PR Aktual (tanggal)]]<>"",Table1[[#This Row],[PR Aktual (tanggal)]]>Table1[[#This Row],[PLAN PR-PO ABJ finish]]),"Sudah, Delay")))) -> Belum, Delay | DI12: =IF(AND(Table1[[#This Row],[PO Aktual (tanggal)]]="",Table1[[#This Row],[PLAN PR-PO ABJ finish]]>NOW()),"Belum, OnSchedule",IF(AND(Table1[[#This Row],[PO Aktual (tanggal)]]="",Table1[[#This Row],[PLAN PR-PO ABJ finish]]<NOW()),"Belum, Delay",IF(AND(Table1[[#This Row],[PO Aktual (tanggal)]]<>"",Table1[[#This Row],[PO Aktual (tanggal)]]<Table1[[#This Row],[PLAN PR-PO ABJ finish]]),"Sudah, OnSchedule",IF(AND(Table1[[#This Row],[PO Aktual (tanggal)]]<>"",Table1[[#This Row],[PO Aktual (tanggal)]]>Table1[[#This Row],[PLAN PR-PO ABJ finish]]),"Sudah, Delay")))) -> Belum, Delay | DJ12: 45418 | DK12: 45466 | DN12: =IF(AND(Table1[[#This Row],[PR Jasa Aktual (tanggal)]]="",Table1[[#This Row],[PLAN PR-PO BPM Jasa finish]]>NOW()),"Belum, OnSchedule",IF(AND(Table1[[#This Row],[PR Jasa Aktual (tanggal)]]="",Table1[[#This Row],[PLAN PR-PO BPM Jasa finish]]<NOW()),"Belum, Delay",IF(AND(Table1[[#This Row],[PR Jasa Aktual (tanggal)]]<>"",Table1[[#This Row],[PR Jasa Aktual (tanggal)]]<=Table1[[#This Row],[PLAN PR-PO BPM Jasa finish]]),"Sudah, OnSchedule",IF(AND(Table1[[#This Row],[PR Jasa Aktual (tanggal)]]<>"",Table1[[#This Row],[PR Jasa Aktual (tanggal)]]>Table1[[#This Row],[PLAN PR-PO BPM Jasa finish]]),"Sudah, Delay")))) -> Belum, Delay | DR12: =IF(AND(Table1[[#This Row],[PO Jasa Aktual (tanggal)]]="",Table1[[#This Row],[PLAN PR-PO BPM Jasa finish]]>NOW()),"Belum, OnSchedule",IF(AND(Table1[[#This Row],[PO Jasa Aktual (tanggal)]]="",Table1[[#This Row],[PLAN PR-PO BPM Jasa finish]]<NOW()),"Belum, Delay",IF(AND(Table1[[#This Row],[PO Jasa Aktual (tanggal)]]<>"",Table1[[#This Row],[PO Jasa Aktual (tanggal)]]<Table1[[#This Row],[PLAN PR-PO BPM Jasa finish]]),"Sudah, OnSchedule",IF(AND(Table1[[#This Row],[PO Jasa Aktual (tanggal)]]<>"",Table1[[#This Row],[PO Jasa Aktual (tanggal)]]>Table1[[#This Row],[PLAN PR-PO BPM Jasa finish]]),"Sudah, Delay")))) -> Belum, Delay | DS12: 45418 | DT12: #N/A | DU12: 45466 | DV12: #N/A | EA12: =IF(AND(Table1[[#This Row],[PR Material Aktual (tanggal)]]="",Table1[[#This Row],[PLAN PR-PO BPM Material finish]]>NOW()),"Belum, OnSchedule",IF(AND(Table1[[#This Row],[PR Material Aktual (tanggal)]]="",Table1[[#This Row],[PLAN PR-PO BPM Material finish]]<NOW()),"Belum, Delay",IF(AND(Table1[[#This Row],[PR Material Aktual (tanggal)]]<>"",Table1[[#This Row],[PR Material Aktual (tanggal)]]<Table1[[#This Row],[PLAN PR-PO BPM Material finish]]),"Sudah, OnSchedule",IF(AND(Table1[[#This Row],[PR Material Aktual (tanggal)]]<>"",Table1[[#This Row],[PR Material Aktual (tanggal)]]>Table1[[#This Row],[PLAN PR-PO BPM Material finish]]),"Sudah, Delay")))) -> Belum, Delay | EF12: 1 | EG12: 1 | EH12: =IF(Table1[[#This Row],[PO Material Aktual (%)]]>=100%,"Selesai PO = 100%",IF(Table1[[#This Row],[PO Material Aktual (%)]]>=50%,"Proses PO > 100%",IF(Table1[[#This Row],[PO Material Aktual (%)]]>0%,"Proses PO > 50%",IF(Table1[[#This Row],[PO Material Aktual (%)]]=0,"Belum PO = 0%")))) -> Selesai PO = 100% | EI12: =IF(AND(Table1[[#This Row],[Tanggal Selesai PO Material]]="",Table1[[#This Row],[PLAN PR-PO BPM Material finish]]>=NOW()),"Belum, OnSchedule",IF(AND(Table1[[#This Row],[Tanggal Selesai PO Material]]="",Table1[[#This Row],[PLAN PR-PO BPM Material finish]]<NOW()),"Belum, Delay",IF(AND(Table1[[#This Row],[Tanggal Selesai PO Material]]<>"",Table1[[#This Row],[Tanggal Selesai PO Material]]<=Table1[[#This Row],[PLAN PR-PO BPM Material finish]]),"Sudah, OnSchedule",IF(AND(Table1[[#This Row],[Tanggal Selesai PO Material]]<>"",Table1[[#This Row],[Tanggal Selesai PO Material]]>Table1[[#This Row],[PLAN PR-PO BPM Material finish]]),"Sudah, Delay")))) -> Belum, Delay | EJ12: 45467 | EK12: #N/A | EL12: 45529 | EM12: #N/A | EQ12: 1 | ER12: 1 | ES12: =IF(Table1[[#This Row],[Progres MOS]]>=100%,"Selesai MOS = 100%",IF(Table1[[#This Row],[Progres MOS]]>=50%,"Proses MOS > 100%",IF(Table1[[#This Row],[Progres MOS]]>0%,"Proses MOS > 50%",IF(Table1[[#This Row],[Progres MOS]]=0,"Belum MOS = 0%")))) -> Selesai MOS = 100% | ET12: =IF(AND(Table1[[#This Row],[Tanggal Selesai MOS]]="",Table1[[#This Row],[PLAN MOS finish]]>=NOW()),"Belum, OnSchedule",IF(AND(Table1[[#This Row],[Tanggal Selesai MOS]]="",Table1[[#This Row],[PLAN MOS finish]]<NOW()),"Belum, Delay",IF(AND(Table1[[#This Row],[Tanggal Selesai MOS]]<>"",Table1[[#This Row],[Tanggal Selesai MOS]]<=Table1[[#This Row],[PLAN MOS finish]]),"Sudah, OnSchedule",IF(AND(Table1[[#This Row],[Tanggal Selesai MOS]]<>"",Table1[[#This Row],[Tanggal Selesai MOS]]>Table1[[#This Row],[PLAN MOS finish]]),"Sudah, Delay")))) -> Belum, Delay | EV12: 45418 | EW12: #N/A | EX12: 45529 | EY12: #N/A | EZ12: 10.Izin Terbit | FA12: 10.Izin Terbit | FB12: Sudah | FC12: 45428 | FD12: Sudah | FF12: 45463 | FG12: Sudah | FH12: Sudah | FI12: 45485 | FJ12: Sudah | FK12: 45544 | FL12: 10.Izin Terbit | FM12: 45428 | FN12: =IF(Table1[[#This Row],[Tanggal Pengajuan Dokumen]]="","",Table1[[#This Row],[PLAN PERMIT start]]-Table1[[#This Row],[Tanggal Pengajuan Dokumen]]) -> -10 | FO12: 45544 | FS12: =IF(COUNTIF(EZ12:FR12,"*terbit*")>=1,"Sudah Terbit","On Going") -> Sudah Terbit | FT12: =IF(ISNUMBER(SEARCH("On Going",Table1[[#This Row],[Status Perizinan]])),"On Going",IF(ISNUMBER(SEARCH("Sudah Terbit",Table1[[#This Row],[Status Perizinan]])),"Selesai",IF(NOW()<Table1[[#This Row],[PLAN PERMIT start]],"Belum",IF(AND(NOW()>=Table1[[#This Row],[PLAN PERMIT start]],NOW()<=Table1[[#This Row],[PLAN PERMIT finish]]),"On Going","Terlambat")))) -> Selesai | FU12: =IF(Table1[[#This Row],[Status Izin]]="Selesai",Table1[[#This Row],[PLAN PERMIT finish]]-Table1[[#This Row],[Tanggal Terbit/ Target Izin Terbit]],ROUNDUP(Table1[[#This Row],[PLAN PERMIT finish]]-NOW(),0)) -> -15 | FV12: =IF(Table1[[#This Row],[Tanggal Terbit/ Target Izin Terbit]]="","Delay",IF(Table1[[#This Row],[Tanggal Terbit/ Target Izin Terbit]]<Table1[[#This Row],[PLAN PERMIT start]],"Ahead",IF(AND(Table1[[#This Row],[PLAN PERMIT start]]<=Table1[[#This Row],[Tanggal Terbit/ Target Izin Terbit]],Table1[[#This Row],[PLAN PERMIT finish]]>=Table1[[#This Row],[Tanggal Terbit/ Target Izin Terbit]]),"On Schedule",IF(Table1[[#This Row],[Tanggal Terbit/ Target Izin Terbit]]>Table1[[#This Row],[PLAN PERMIT finish]],"Delay")))) -> Delay | GA12: =IF(AND(Table1[[#This Row],[Aktual DPPK]]="",Table1[[#This Row],[PLAN Penyerahan DPPK]]>NOW()),"Belum, OnSchedule",IF(AND(Table1[[#This Row],[Aktual DPPK]]="",Table1[[#This Row],[PLAN Penyerahan DPPK]]<NOW()),"Belum, Delay",IF(AND(Table1[[#This Row],[Aktual DPPK]]<>"",Table1[[#This Row],[Aktual DPPK]]<=Table1[[#This Row],[PLAN Penyerahan DPPK]]),"Sudah, OnSchedule",IF(AND(Table1[[#This Row],[Aktual DPPK]]<>"",Table1[[#This Row],[Aktual DPPK]]>Table1[[#This Row],[PLAN Penyerahan DPPK]]),"Sudah, Delay")))) -> Belum, Delay | GB12: 45503 | GC12: 45425 | GD12: =IF(AND(Table1[[#This Row],[Tanggal Aktual PCM]]="",Table1[[#This Row],[PLAN PCM]]>NOW()),"Belum, OnSchedule",IF(AND(Table1[[#This Row],[Tanggal Aktual PCM]]="",Table1[[#This Row],[PLAN PCM]]<NOW()),"Belum, Delay",IF(AND(Table1[[#This Row],[Tanggal Aktual PCM]]<>"",Table1[[#This Row],[Tanggal Aktual PCM]]<=Table1[[#This Row],[PLAN PCM]]),"Sudah, OnSchedule",IF(AND(Table1[[#This Row],[Tanggal Aktual PCM]]<>"",Table1[[#This Row],[Tanggal Aktual PCM]]>=Table1[[#This Row],[PLAN PCM]]),"Sudah, Delay")))) -> Sudah, OnSchedule | GE12: 45510 | GF12: 45425 | GG12: =IF(AND(Table1[[#This Row],[Tanggal Aktual Kick Off]]="",Table1[[#This Row],[PLAN Kick Off]]>NOW()),"Belum, OnSchedule",IF(AND(Table1[[#This Row],[Tanggal Aktual Kick Off]]="",Table1[[#This Row],[PLAN Kick Off]]<NOW()),"Belum, Delay",IF(AND(Table1[[#This Row],[Tanggal Aktual Kick Off]]<>"",Table1[[#This Row],[Tanggal Aktual Kick Off]]<=Table1[[#This Row],[PLAN Kick Off]]),"Sudah, OnSchedule",IF(AND(Table1[[#This Row],[Tanggal Aktual Kick Off]]<>"",Table1[[#This Row],[Tanggal Aktual Kick Off]]>=Table1[[#This Row],[PLAN Kick Off]]),"Sudah, Delay")))) -> Sudah, OnSchedule | GH12: 45516 | GI12: 45522 | GJ12: 45428 | GK12: =IF(AND(Table1[[#This Row],[Tanggal Aktual MC-0]]="",Table1[[#This Row],[PLAN MC-0 finish]]>NOW()),"Belum, OnSchedule",IF(AND(Table1[[#This Row],[Tanggal Aktual MC-0]]="",Table1[[#This Row],[PLAN MC-0 finish]]<NOW()),"Belum, Delay",IF(AND(Table1[[#This Row],[Tanggal Aktual MC-0]]<>"",Table1[[#This Row],[Tanggal Aktual MC-0]]<Table1[[#This Row],[PLAN MC-0 finish]]),"Sudah, OnSchedule",IF(AND(Table1[[#This Row],[Tanggal Aktual MC-0]]<>"",Table1[[#This Row],[Tanggal Aktual MC-0]]>Table1[[#This Row],[PLAN MC-0 finish]]),"Sudah, Delay")))) -> Sudah, OnSchedule | GL12: 45530 | GM12: #N/A | GN12: 45536 | GO12: #N/A | GQ12: =IF(AND(Table1[[#This Row],[Aktual Selesai Konstruksi* (tanggal)]]="",Table1[[#This Row],[PLAN KONSTRUKSI finish]]>NOW()),"Belum, OnSchedule",IF(AND(Table1[[#This Row],[Aktual Selesai Konstruksi* (tanggal)]]="",Table1[[#This Row],[PLAN KONSTRUKSI finish]]<NOW()),"Belum, Delay",IF(AND(Table1[[#This Row],[Aktual Selesai Konstruksi* (tanggal)]]<>"",Table1[[#This Row],[Aktual Selesai Konstruksi* (tanggal)]]<Table1[[#This Row],[PLAN KONSTRUKSI finish]]),"Sudah, OnSchedule",IF(AND(Table1[[#This Row],[Aktual Selesai Konstruksi* (tanggal)]]<>"",Table1[[#This Row],[Aktual Selesai Konstruksi* (tanggal)]]>Table1[[#This Row],[PLAN KONSTRUKSI finish]]),"Sudah, Delay")))) -> Belum, Delay | GR12: - | GS12: - | GT12: 45558 | GU12: =IF(Table1[[#This Row],[Hydro Tes Actual (tanggal)]]<>"","Sudah","Belum") -> Sudah | GV12: - | GW12: - | GX12: 45560 | GY12: =IF(Table1[[#This Row],[Interkoneksi Actual (tanggal)]]<>"","Sudah","Belum") -> Sudah | GZ12: - | HA12: - | HB12: 45560 | HC12: =IF(Table1[[#This Row],[Flushing Actual (tanggal)]]<>"","Sudah","Belum") -> Sudah | HD12: 45537 | HE12: #N/A | HF12: 45543 | HG12: 45565 | HH12: =IF(AND(Table1[[#This Row],[TC Aktual (tanggal)]]="",Table1[[#This Row],[PLAN TC finish]]>NOW()),"Belum, OnSchedule",IF(AND(Table1[[#This Row],[TC Aktual (tanggal)]]="",Table1[[#This Row],[PLAN TC finish]]<NOW()),"Belum, Delay",IF(AND(Table1[[#This Row],[TC Aktual (tanggal)]]<>"",Table1[[#This Row],[TC Aktual (tanggal)]]<Table1[[#This Row],[PLAN TC finish]]),"Sudah, OnSchedule",IF(AND(Table1[[#This Row],[TC Aktual (tanggal)]]<>"",Table1[[#This Row],[TC Aktual (tanggal)]]>Table1[[#This Row],[PLAN TC finish]]),"Sudah, Delay")))) -> Sudah, Delay | HI12: - | HJ12: - | HM12: 45548 | HN12: 45548 | HO12: #N/A | HQ12: 45565 | HR12: =IF(AND(Table1[[#This Row],[BA MC-100 Aktual (Verifikasi)]]="",Table1[[#This Row],[PLAN MC-100 finish]]>NOW()),"Belum, OnSchedule",IF(AND(Table1[[#This Row],[BA MC-100 Aktual (Verifikasi)]]="",Table1[[#This Row],[PLAN MC-100 finish]]<NOW()),"Belum, Delay",IF(AND(Table1[[#This Row],[BA MC-100 Aktual (Verifikasi)]]<>"",Table1[[#This Row],[BA MC-100 Aktual (Verifikasi)]]<Table1[[#This Row],[PLAN MC-100 finish]]),"Sudah, OnSchedule",IF(AND(Table1[[#This Row],[BA MC-100 Aktual (Verifikasi)]]<>"",Table1[[#This Row],[BA MC-100 Aktual (Verifikasi)]]>Table1[[#This Row],[PLAN MC-100 finish]]),"Sudah, Delay")))) -> Sudah, Delay | HS12: 45555 | HU12: 45555 | HW12: 45714 | HX12: =IF(AND(Table1[[#This Row],[Aktual Submit DPPP (tanggal)]]="",Table1[[#This Row],[PLAN DPPP finish]]>NOW()),"Belum, OnSchedule",IF(AND(Table1[[#This Row],[Aktual Submit DPPP (tanggal)]]="",Table1[[#This Row],[PLAN DPPP finish]]<NOW()),"Belum, Delay",IF(AND(Table1[[#This Row],[Aktual Submit DPPP (tanggal)]]<>"",Table1[[#This Row],[Aktual Submit DPPP (tanggal)]]<Table1[[#This Row],[PLAN DPPP finish]]),"Sudah, OnSchedule",IF(AND(Table1[[#This Row],[Aktual Submit DPPP (tanggal)]]<>"",Table1[[#This Row],[Aktual Submit DPPP (tanggal)]]>Table1[[#This Row],[PLAN DPPP finish]]),"Sudah, Delay")))) -> Sudah, Delay | IC12: =IFERROR(ROUND((Table1[[#This Row],[PLAN TC finish]]-Table1[[#This Row],[PLAN MC-0 start]])/30,2),"") -> 0.9 | ID12: =DATEDIF(Table1[[#This Row],[PLAN MC-0 start]],Table1[[#This Row],[PLAN TC finish]],"m") -> 0
B13: =SUBTOTAL(3,$D$5:D13) -> 9 | C13: 9 | D13: SPAM Jatiluhur Hilir | E13: 23ABJ.NINKARB015.1JE | F13: B015 Perumahan BNI | G13: 45752 | H13: MS | I13: JDU+JDB+JDL | K13: Muhrojin | L13: Pipa | M13: PMO 1 | N13: 118 | O13: m | P13: =IF(NOW()>Table1[[#This Row],[PLAN MC-100 start]],"Selesai Fisik dan Dokumen",IF(AND(Table1[[#This Row],[PLAN MC-100 start]]<=NOW(),NOW()<=Table1[[#This Row],[PLAN MC-100 finish]]),"MC-100",IF(AND(Table1[[#This Row],[PLAN TC start]]<=NOW(),NOW()<=Table1[[#This Row],[PLAN TC finish]]),"Tes Com",IF(AND(Table1[[#This Row],[PLAN KONSTRUKSI start]]<=NOW(),NOW()<=Table1[[#This Row],[PLAN KONSTRUKSI finish]]),"Proses Konstruksi",IF(AND(Table1[[#This Row],[PLAN MOS start]]<=NOW(),NOW()<=Table1[[#This Row],[PLAN MOS finish]]),"Proses MOS",IF(AND(Table1[[#This Row],[PLAN MC-0 start]]<=NOW(),NOW()<=Table1[[#This Row],[PLAN MC-0 finish]]),"MC-0",IF(AND(Table1[[#This Row],[PLAN PR-PO BPM Jasa start]]<=NOW(),NOW()<=Table1[[#This Row],[PLAN PR-PO BPM Material finish]]),"PR-PO BPM",IF(AND(Table1[[#This Row],[PLAN PR-PO ABJ start]]<=NOW(),NOW()<=Table1[[#This Row],[PLAN PR-PO ABJ finish]]),"PR-PO ABJ",IF(NOW()<Table1[[#This Row],[PLAN PR-PO ABJ finish]],"Persiapan",""))))))))) -> Selesai Fisik dan Dokumen | Q13: =IF(LEFT(Table1[[#This Row],[Review DPPP]],5)="Sudah","DPPP",IF(LEFT(Table1[[#This Row],[Review MC-100]],5)="Sudah","MC-100",IF(LEFT(Table1[[#This Row],[Status TC]],5)="Sudah","Tes Com",IF(Table1[[#This Row],[Status Flushing]]="Sudah","Flushing",IF(Table1[[#This Row],[Total Panjang Pipa Aktual (Sum->)3]]>0,"Proses Konstruksi",IF(LEFT(Table1[[#This Row],[Review MC-0]],5)="Sudah","MC-0",IF(LEFT(Table1[[#This Row],[Review Kick Off]],5)="Sudah","Kick Off Meeting",IF(LEFT(Table1[[#This Row],[Review PCM]],5)="Sudah","PCM",IF(LEFT(Table1[[#This Row],[Status MOS]],10)="Proses MOS","Proses MOS",IF(LEFT(Table1[[#This Row],[Review PO Jasa BPM]],5)="Sudah","PO Jasa BPM",IF(LEFT(Table1[[#This Row],[Review PR Jasa BPM]],5)="Sudah","PR Jasa BPM",IF(LEFT(Table1[[#This Row],[Review PO Material BPM]],5)="Sudah","PO Material BPM",IF(LEFT(Table1[[#This Row],[Review PR Material BPM]],5)="Sudah","PR Material BPM",IF(LEFT(Table1[[#This Row],[Review PO ABJ]],5)="Sudah","PO ABJ",IF(LEFT(Table1[[#This Row],[Review PR ABJ]],5)="Sudah","PR ABJ","Persiapan"))))))))))))))) -> DPPP | R13: #N/A | S13: 1 | T13: =Table1[[#This Row],[Progres Total Aktual (%)]] -> 1 | U13: =Table1[[#This Row],[Progres Aktual (%)]]-Table1[[#This Row],[Target Progres (%)]] -> 0 | V13: =Table1[[#This Row],["Volume BA MC-0"]] -> 108 | W13: =Table1[[#This Row],[Total Panjang Pipa Aktual (Sum->)3]] -> 104.4 | Y13: Pemukiman Dalam Perumahan BNI RT 01/04 Kel. Wijaya Kusuma | Z13: 217141733 | AA13: =ROUND((Table1[[#This Row],[Nilai RAB Jaringan (Exclude Ppn)]]-Table1[[#This Row],[RAB Perizinan]])*1.11+Table1[[#This Row],[RAB Perizinan]],0) -> 0 | AB13: =SUM(Table1[[#This Row],[RAB Kegiatan Umum]:[RAB Perizinan]]) -> 0 | AG13: 53290856 | AH13: =SUM(Table1[[#This Row],[Bobot Keg Umum]:[Bobot Perizinan]]) -> #DIV/0! | AI13: =Table1[[#This Row],[RAB Kegiatan Umum]]/Table1[[#This Row],[Nilai RAB Jaringan (Exclude Ppn)]] -> #DIV/0! | AJ13: =Table1[[#This Row],[RAB Pemasangan]]/Table1[[#This Row],[Nilai RAB Jaringan (Exclude Ppn)]] -> #DIV/0! | AK13: =Table1[[#This Row],[RAB Pengadaan]]/Table1[[#This Row],[Nilai RAB Jaringan (Exclude Ppn)]] -> #DIV/0! | AL13: =Table1[[#This Row],[RAB Perizinan]]/Table1[[#This Row],[Nilai RAB Jaringan (Exclude Ppn)]] -> #DIV/0! | AN13: 108 | AO13: =SUM(Table1[[#This Row],[Pipa 63 mm]:[Pipa 1,800 mm]]) -> 0 | BJ13: =SUM(Table1[[#This Row],[Pipa 63 mm2]:[Pipa 1,800 mm21]]) -> 104.4 | BK13: 104.4 | CE13: 0 | CI13: =SUM(CE13:CH13) -> 0 | CJ13: =IF((Table1[[#This Row],["Volume BA MC-0"]]-Table1[[#This Row],[Total Panjang Pipa Aktual (Sum->)3]]-Table1[[#This Row],[Total Volume tidak dapat dipasang]])>=0,Table1[[#This Row],["Volume BA MC-0"]]-Table1[[#This Row],[Total Panjang Pipa Aktual (Sum->)3]]-Table1[[#This Row],[Total Volume tidak dapat dipasang]],0) -> 3.6 | CP13: =IFERROR(IF(Table1[[#This Row],[Nilai RNA Update]]>0,Table1[[#This Row],[Nilai RNA Update]]/Table1[[#This Row],[Nilai RNA Update]],IF(Table1[[#This Row],[VOWD Total (Rp)]]=0,IF(LEFT(Table1[[#This Row],[Review PO Material BPM]],5)="Sudah",Table1[[#This Row],[Progres MOS]]*80%*Table1[[#This Row],[Bobot Pengadaan]],Table1[[#This Row],[Progres MOS]]*60%*Table1[[#This Row],[Bobot Pengadaan]]),Table1[[#This Row],[VOWD Total (Rp)]]/Table1[[#This Row],[Kontrol Nilai RAB Jaringan (Include Ppn)]])),0) -> 1 | CQ13: =IFERROR(Table1[[#This Row],[Progres Keg. Umum (%)]]*Table1[[#This Row],[Nilai RAB Jaringan (file pa aji)]],0) -> 0 | CR13: =IFERROR(Table1[[#This Row],[Progres MOS (%)]]*Table1[[#This Row],[Nilai RAB Jaringan (file pa aji)]],0) -> 0 | CS13: =IFERROR(Table1[[#This Row],[Progres Pemasangan (%)]]*Table1[[#This Row],[Nilai RAB Jaringan (file pa aji)]],0) -> 0 | CT13: =IFERROR(Table1[[#This Row],[Progres Perizinan (%)]]*Table1[[#This Row],[Nilai RAB Jaringan (file pa aji)]],0) -> 0 | CU13: 135088591 | CV13: 135088591 | CW13: 135088591 | CX13: =_xlfn.XLOOKUP(Table1[[#This Row],[Kode Program]],'[1]Breakdown VOWD Greenfield'!$E:$E,'[1]Breakdown VOWD Greenfield'!$AT:$AT) -> 135088591 | CZ13: 45383 | DA13: 45417 | DE13: =IF(AND(Table1[[#This Row],[PR Aktual (tanggal)]]="",Table1[[#This Row],[PLAN PR-PO ABJ finish]]>=NOW()),"Belum, OnSchedule",IF(AND(Table1[[#This Row],[PR Aktual (tanggal)]]="",Table1[[#This Row],[PLAN PR-PO ABJ finish]]<NOW()),"Belum, Delay",IF(AND(Table1[[#This Row],[PR Aktual (tanggal)]]<>"",Table1[[#This Row],[PR Aktual (tanggal)]]<=Table1[[#This Row],[PLAN PR-PO ABJ finish]]),"Sudah, OnSchedule",IF(AND(Table1[[#This Row],[PR Aktual (tanggal)]]<>"",Table1[[#This Row],[PR Aktual (tanggal)]]>Table1[[#This Row],[PLAN PR-PO ABJ finish]]),"Sudah, Delay")))) -> Belum, Delay | DI13: =IF(AND(Table1[[#This Row],[PO Aktual (tanggal)]]="",Table1[[#This Row],[PLAN PR-PO ABJ finish]]>NOW()),"Belum, OnSchedule",IF(AND(Table1[[#This Row],[PO Aktual (tanggal)]]="",Table1[[#This Row],[PLAN PR-PO ABJ finish]]<NOW()),"Belum, Delay",IF(AND(Table1[[#This Row],[PO Aktual (tanggal)]]<>"",Table1[[#This Row],[PO Aktual (tanggal)]]<Table1[[#This Row],[PLAN PR-PO ABJ finish]]),"Sudah, OnSchedule",IF(AND(Table1[[#This Row],[PO Aktual (tanggal)]]<>"",Table1[[#This Row],[PO Aktual (tanggal)]]>Table1[[#This Row],[PLAN PR-PO ABJ finish]]),"Sudah, Delay")))) -> Belum, Delay | DJ13: 45418 | DK13: 45466 | DL13: 45430 | DM13: PR/BPM/JTLBarat/2405/0101 | DN13: =IF(AND(Table1[[#This Row],[PR Jasa Aktual (tanggal)]]="",Table1[[#This Row],[PLAN PR-PO BPM Jasa finish]]>NOW()),"Belum, OnSchedule",IF(AND(Table1[[#This Row],[PR Jasa Aktual (tanggal)]]="",Table1[[#This Row],[PLAN PR-PO BPM Jasa finish]]<NOW()),"Belum, Delay",IF(AND(Table1[[#This Row],[PR Jasa Aktual (tanggal)]]<>"",Table1[[#This Row],[PR Jasa Aktual (tanggal)]]<=Table1[[#This Row],[PLAN PR-PO BPM Jasa finish]]),"Sudah, OnSchedule",IF(AND(Table1[[#This Row],[PR Jasa Aktual (tanggal)]]<>"",Table1[[#This Row],[PR Jasa Aktual (tanggal)]]>Table1[[#This Row],[PLAN PR-PO BPM Jasa finish]]),"Sudah, Delay")))) -> Sudah, OnSchedule | DO13: 45449 | DP13: BPMPO-2400980 | DQ13: PT Abhinaya Prima Enjinering | DR13: =IF(AND(Table1[[#This Row],[PO Jasa Aktual (tanggal)]]="",Table1[[#This Row],[PLAN PR-PO BPM Jasa finish]]>NOW()),"Belum, OnSchedule",IF(AND(Table1[[#This Row],[PO Jasa Aktual (tanggal)]]="",Table1[[#This Row],[PLAN PR-PO BPM Jasa finish]]<NOW()),"Belum, Delay",IF(AND(Table1[[#This Row],[PO Jasa Aktual (tanggal)]]<>"",Table1[[#This Row],[PO Jasa Aktual (tanggal)]]<Table1[[#This Row],[PLAN PR-PO BPM Jasa finish]]),"Sudah, OnSchedule",IF(AND(Table1[[#This Row],[PO Jasa Aktual (tanggal)]]<>"",Table1[[#This Row],[PO Jasa Aktual (tanggal)]]>Table1[[#This Row],[PLAN PR-PO BPM Jasa finish]]),"Sudah, Delay")))) -> Sudah, OnSchedule | DS13: 45418 | DT13: #N/A | DU13: 45466 | DV13: #N/A | EA13: =IF(AND(Table1[[#This Row],[PR Material Aktual (tanggal)]]="",Table1[[#This Row],[PLAN PR-PO BPM Material finish]]>NOW()),"Belum, OnSchedule",IF(AND(Table1[[#This Row],[PR Material Aktual (tanggal)]]="",Table1[[#This Row],[PLAN PR-PO BPM Material finish]]<NOW()),"Belum, Delay",IF(AND(Table1[[#This Row],[PR Material Aktual (tanggal)]]<>"",Table1[[#This Row],[PR Material Aktual (tanggal)]]<Table1[[#This Row],[PLAN PR-PO BPM Material finish]]),"Sudah, OnSchedule",IF(AND(Table1[[#This Row],[PR Material Aktual (tanggal)]]<>"",Table1[[#This Row],[PR Material Aktual (tanggal)]]>Table1[[#This Row],[PLAN PR-PO BPM Material finish]]),"Sudah, Delay")))) -> Belum, Delay | EF13: 1 | EG13: 1 | EH13: =IF(Table1[[#This Row],[PO Material Aktual (%)]]>=100%,"Selesai PO = 100%",IF(Table1[[#This Row],[PO Material Aktual (%)]]>=50%,"Proses PO > 100%",IF(Table1[[#This Row],[PO Material Aktual (%)]]>0%,"Proses PO > 50%",IF(Table1[[#This Row],[PO Material Aktual (%)]]=0,"Belum PO = 0%")))) -> Selesai PO = 100% | EI13: =IF(AND(Table1[[#This Row],[Tanggal Selesai PO Material]]="",Table1[[#This Row],[PLAN PR-PO BPM Material finish]]>=NOW()),"Belum, OnSchedule",IF(AND(Table1[[#This Row],[Tanggal Selesai PO Material]]="",Table1[[#This Row],[PLAN PR-PO BPM Material finish]]<NOW()),"Belum, Delay",IF(AND(Table1[[#This Row],[Tanggal Selesai PO Material]]<>"",Table1[[#This Row],[Tanggal Selesai PO Material]]<=Table1[[#This Row],[PLAN PR-PO BPM Material finish]]),"Sudah, OnSchedule",IF(AND(Table1[[#This Row],[Tanggal Selesai PO Material]]<>"",Table1[[#This Row],[Tanggal Selesai PO Material]]>Table1[[#This Row],[PLAN PR-PO BPM Material finish]]),"Sudah, Delay")))) -> Belum, Delay | EJ13: 45467 | EK13: #N/A | EL13: 45529 | EM13: #N/A | EQ13: 1 | ER13: 1 | ES13: =IF(Table1[[#This Row],[Progres MOS]]>=100%,"Selesai MOS = 100%",IF(Table1[[#This Row],[Progres MOS]]>=50%,"Proses MOS > 100%",IF(Table1[[#This Row],[Progres MOS]]>0%,"Proses MOS > 50%",IF(Table1[[#This Row],[Progres MOS]]=0,"Belum MOS = 0%")))) -> Selesai MOS = 100% | ET13: =IF(AND(Table1[[#This Row],[Tanggal Selesai MOS]]="",Table1[[#This Row],[PLAN MOS finish]]>=NOW()),"Belum, OnSchedule",IF(AND(Table1[[#This Row],[Tanggal Selesai MOS]]="",Table1[[#This Row],[PLAN MOS finish]]<NOW()),"Belum, Delay",IF(AND(Table1[[#This Row],[Tanggal Selesai MOS]]<>"",Table1[[#This Row],[Tanggal Selesai MOS]]<=Table1[[#This Row],[PLAN MOS finish]]),"Sudah, OnSchedule",IF(AND(Table1[[#This Row],[Tanggal Selesai MOS]]<>"",Table1[[#This Row],[Tanggal Selesai MOS]]>Table1[[#This Row],[PLAN MOS finish]]),"Sudah, Delay")))) -> Belum, Delay | EV13: 45418 | EW13: #N/A | EX13: 45529 | EY13: #N/A | EZ13: 10.Izin Terbit | FA13: 10.Izin Terbit | FB13: Sudah | FC13: 45488 | FD13: Sudah | FF13: 45519 | FG13: Sudah | FH13: Sudah | FI13: 45552 | FJ13: Sudah | FK13: 45575 | FL13: 10.Izin Terbit | FM13: 45488 | FN13: =IF(Table1[[#This Row],[Tanggal Pengajuan Dokumen]]="","",Table1[[#This Row],[PLAN PERMIT start]]-Table1[[#This Row],[Tanggal Pengajuan Dokumen]]) -> -70 | FO13: 45575 | FS13: =IF(COUNTIF(EZ13:FR13,"*terbit*")>=1,"Sudah Terbit","On Going") -> Sudah Terbit | FT13: =IF(ISNUMBER(SEARCH("On Going",Table1[[#This Row],[Status Perizinan]])),"On Going",IF(ISNUMBER(SEARCH("Sudah Terbit",Table1[[#This Row],[Status Perizinan]])),"Selesai",IF(NOW()<Table1[[#This Row],[PLAN PERMIT start]],"Belum",IF(AND(NOW()>=Table1[[#This Row],[PLAN PERMIT start]],NOW()<=Table1[[#This Row],[PLAN PERMIT finish]]),"On Going","Terlambat")))) -> Selesai | FU13: =IF(Table1[[#This Row],[Status Izin]]="Selesai",Table1[[#This Row],[PLAN PERMIT finish]]-Table1[[#This Row],[Tanggal Terbit/ Target Izin Terbit]],ROUNDUP(Table1[[#This Row],[PLAN PERMIT finish]]-NOW(),0)) -> -46 | FV13: =IF(Table1[[#This Row],[Tanggal Terbit/ Target Izin Terbit]]="","Delay",IF(Table1[[#This Row],[Tanggal Terbit/ Target Izin Terbit]]<Table1[[#This Row],[PLAN PERMIT start]],"Ahead",IF(AND(Table1[[#This Row],[PLAN PERMIT start]]<=Table1[[#This Row],[Tanggal Terbit/ Target Izin Terbit]],Table1[[#This Row],[PLAN PERMIT finish]]>=Table1[[#This Row],[Tanggal Terbit/ Target Izin Terbit]]),"On Schedule",IF(Table1[[#This Row],[Tanggal Terbit/ Target Izin Terbit]]>Table1[[#This Row],[PLAN PERMIT finish]],"Delay")))) -> Delay | GA13: =IF(AND(Table1[[#This Row],[Aktual DPPK]]="",Table1[[#This Row],[PLAN Penyerahan DPPK]]>NOW()),"Belum, OnSchedule",IF(AND(Table1[[#This Row],[Aktual DPPK]]="",Table1[[#This Row],[PLAN Penyerahan DPPK]]<NOW()),"Belum, Delay",IF(AND(Table1[[#This Row],[Aktual DPPK]]<>"",Table1[[#This Row],[Aktual DPPK]]<=Table1[[#This Row],[PLAN Penyerahan DPPK]]),"Sudah, OnSchedule",IF(AND(Table1[[#This Row],[Aktual DPPK]]<>"",Table1[[#This Row],[Aktual DPPK]]>Table1[[#This Row],[PLAN Penyerahan DPPK]]),"Sudah, Delay")))) -> Belum, Delay | GB13: 45503 | GC13: 45425 | GD13: =IF(AND(Table1[[#This Row],[Tanggal Aktual PCM]]="",Table1[[#This Row],[PLAN PCM]]>NOW()),"Belum, OnSchedule",IF(AND(Table1[[#This Row],[Tanggal Aktual PCM]]="",Table1[[#This Row],[PLAN PCM]]<NOW()),"Belum, Delay",IF(AND(Table1[[#This Row],[Tanggal Aktual PCM]]<>"",Table1[[#This Row],[Tanggal Aktual PCM]]<=Table1[[#This Row],[PLAN PCM]]),"Sudah, OnSchedule",IF(AND(Table1[[#This Row],[Tanggal Aktual PCM]]<>"",Table1[[#This Row],[Tanggal Aktual PCM]]>=Table1[[#This Row],[PLAN PCM]]),"Sudah, Delay")))) -> Sudah, OnSchedule | GE13: 45510 | GF13: 45425 | GG13: =IF(AND(Table1[[#This Row],[Tanggal Aktual Kick Off]]="",Table1[[#This Row],[PLAN Kick Off]]>NOW()),"Belum, OnSchedule",IF(AND(Table1[[#This Row],[Tanggal Aktual Kick Off]]="",Table1[[#This Row],[PLAN Kick Off]]<NOW()),"Belum, Delay",IF(AND(Table1[[#This Row],[Tanggal Aktual Kick Off]]<>"",Table1[[#This Row],[Tanggal Aktual Kick Off]]<=Table1[[#This Row],[PLAN Kick Off]]),"Sudah, OnSchedule",IF(AND(Table1[[#This Row],[Tanggal Aktual Kick Off]]<>"",Table1[[#This Row],[Tanggal Aktual Kick Off]]>=Table1[[#This Row],[PLAN Kick Off]]),"Sudah, Delay")))) -> Sudah, OnSchedule | GH13: 45516 | GI13: 45522 | GJ13: 45427 | GK13: =IF(AND(Table1[[#This Row],[Tanggal Aktual MC-0]]="",Table1[[#This Row],[PLAN MC-0 finish]]>NOW()),"Belum, OnSchedule",IF(AND(Table1[[#This Row],[Tanggal Aktual MC-0]]="",Table1[[#This Row],[PLAN MC-0 finish]]<NOW()),"Belum, Delay",IF(AND(Table1[[#This Row],[Tanggal Aktual MC-0]]<>"",Table1[[#This Row],[Tanggal Aktual MC-0]]<Table1[[#This Row],[PLAN MC-0 finish]]),"Sudah, OnSchedule",IF(AND(Table1[[#This Row],[Tanggal Aktual MC-0]]<>"",Table1[[#This Row],[Tanggal Aktual MC-0]]>Table1[[#This Row],[PLAN MC-0 finish]]),"Sudah, Delay")))) -> Sudah, OnSchedule | GL13: 45530 | GM13: #N/A | GN13: 45536 | GO13: #N/A | GQ13: =IF(AND(Table1[[#This Row],[Aktual Selesai Konstruksi* (tanggal)]]="",Table1[[#This Row],[PLAN KONSTRUKSI finish]]>NOW()),"Belum, OnSchedule",IF(AND(Table1[[#This Row],[Aktual Selesai Konstruksi* (tanggal)]]="",Table1[[#This Row],[PLAN KONSTRUKSI finish]]<NOW()),"Belum, Delay",IF(AND(Table1[[#This Row],[Aktual Selesai Konstruksi* (tanggal)]]<>"",Table1[[#This Row],[Aktual Selesai Konstruksi* (tanggal)]]<Table1[[#This Row],[PLAN KONSTRUKSI finish]]),"Sudah, OnSchedule",IF(AND(Table1[[#This Row],[Aktual Selesai Konstruksi* (tanggal)]]<>"",Table1[[#This Row],[Aktual Selesai Konstruksi* (tanggal)]]>Table1[[#This Row],[PLAN KONSTRUKSI finish]]),"Sudah, Delay")))) -> Belum, Delay | GR13: - | GS13: - | GT13: 45496 | GU13: =IF(Table1[[#This Row],[Hydro Tes Actual (tanggal)]]<>"","Sudah","Belum") -> Sudah | GV13: - | GW13: - | GX13: 45867 | GY13: =IF(Table1[[#This Row],[Interkoneksi Actual (tanggal)]]<>"","Sudah","Belum") -> Sudah | GZ13: - | HA13: - | HB13: 45867 | HC13: =IF(Table1[[#This Row],[Flushing Actual (tanggal)]]<>"","Sudah","Belum") -> Sudah | HD13: 45537 | HE13: #N/A | HF13: 45543 | HG13: 45525 | HH13: =IF(AND(Table1[[#This Row],[TC Aktual (tanggal)]]="",Table1[[#This Row],[PLAN TC finish]]>NOW()),"Belum, OnSchedule",IF(AND(Table1[[#This Row],[TC Aktual (tanggal)]]="",Table1[[#This Row],[PLAN TC finish]]<NOW()),"Belum, Delay",IF(AND(Table1[[#This Row],[TC Aktual (tanggal)]]<>"",Table1[[#This Row],[TC Aktual (tanggal)]]<Table1[[#This Row],[PLAN TC finish]]),"Sudah, OnSchedule",IF(AND(Table1[[#This Row],[TC Aktual (tanggal)]]<>"",Table1[[#This Row],[TC Aktual (tanggal)]]>Table1[[#This Row],[PLAN TC finish]]),"Sudah, Delay")))) -> Sudah, OnSchedule | HI13: - | HJ13: - | HM13: 45548 | HN13: 45548 | HO13: #N/A | HQ13: 45525 | HR13: =IF(AND(Table1[[#This Row],[BA MC-100 Aktual (Verifikasi)]]="",Table1[[#This Row],[PLAN MC-100 finish]]>NOW()),"Belum, OnSchedule",IF(AND(Table1[[#This Row],[BA MC-100 Aktual (Verifikasi)]]="",Table1[[#This Row],[PLAN MC-100 finish]]<NOW()),"Belum, Delay",IF(AND(Table1[[#This Row],[BA MC-100 Aktual (Verifikasi)]]<>"",Table1[[#This Row],[BA MC-100 Aktual (Verifikasi)]]<Table1[[#This Row],[PLAN MC-100 finish]]),"Sudah, OnSchedule",IF(AND(Table1[[#This Row],[BA MC-100 Aktual (Verifikasi)]]<>"",Table1[[#This Row],[BA MC-100 Aktual (Verifikasi)]]>Table1[[#This Row],[PLAN MC-100 finish]]),"Sudah, Delay")))) -> Sudah, OnSchedule | HS13: 45555 | HU13: 45555 | HW13: 45714 | HX13: =IF(AND(Table1[[#This Row],[Aktual Submit DPPP (tanggal)]]="",Table1[[#This Row],[PLAN DPPP finish]]>NOW()),"Belum, OnSchedule",IF(AND(Table1[[#This Row],[Aktual Submit DPPP (tanggal)]]="",Table1[[#This Row],[PLAN DPPP finish]]<NOW()),"Belum, Delay",IF(AND(Table1[[#This Row],[Aktual Submit DPPP (tanggal)]]<>"",Table1[[#This Row],[Aktual Submit DPPP (tanggal)]]<Table1[[#This Row],[PLAN DPPP finish]]),"Sudah, OnSchedule",IF(AND(Table1[[#This Row],[Aktual Submit DPPP (tanggal)]]<>"",Table1[[#This Row],[Aktual Submit DPPP (tanggal)]]>Table1[[#This Row],[PLAN DPPP finish]]),"Sudah, Delay")))) -> Sudah, Delay | IC13: =IFERROR(ROUND((Table1[[#This Row],[PLAN TC finish]]-Table1[[#This Row],[PLAN MC-0 start]])/30,2),"") -> 0.9 | ID13: =DATEDIF(Table1[[#This Row],[PLAN MC-0 start]],Table1[[#This Row],[PLAN TC finish]],"m") -> 0
B14: =SUBTOTAL(3,$D$5:D14) -> 10 | C14: 10 | D14: SPAM Jatiluhur Hilir | E14: 23ABJ.NINJTP008.1JE | F14: P008 Pluit Raya | G14: 45752 | H14: MS | I14: JDU+JDB+JDL | K14: Muhrojin | L14: Pipa | M14: PMO 1 | N14: 117 | O14: m | P14: =IF(NOW()>Table1[[#This Row],[PLAN MC-100 start]],"Selesai Fisik dan Dokumen",IF(AND(Table1[[#This Row],[PLAN MC-100 start]]<=NOW(),NOW()<=Table1[[#This Row],[PLAN MC-100 finish]]),"MC-100",IF(AND(Table1[[#This Row],[PLAN TC start]]<=NOW(),NOW()<=Table1[[#This Row],[PLAN TC finish]]),"Tes Com",IF(AND(Table1[[#This Row],[PLAN KONSTRUKSI start]]<=NOW(),NOW()<=Table1[[#This Row],[PLAN KONSTRUKSI finish]]),"Proses Konstruksi",IF(AND(Table1[[#This Row],[PLAN MOS start]]<=NOW(),NOW()<=Table1[[#This Row],[PLAN MOS finish]]),"Proses MOS",IF(AND(Table1[[#This Row],[PLAN MC-0 start]]<=NOW(),NOW()<=Table1[[#This Row],[PLAN MC-0 finish]]),"MC-0",IF(AND(Table1[[#This Row],[PLAN PR-PO BPM Jasa start]]<=NOW(),NOW()<=Table1[[#This Row],[PLAN PR-PO BPM Material finish]]),"PR-PO BPM",IF(AND(Table1[[#This Row],[PLAN PR-PO ABJ start]]<=NOW(),NOW()<=Table1[[#This Row],[PLAN PR-PO ABJ finish]]),"PR-PO ABJ",IF(NOW()<Table1[[#This Row],[PLAN PR-PO ABJ finish]],"Persiapan",""))))))))) -> Selesai Fisik dan Dokumen | Q14: =IF(LEFT(Table1[[#This Row],[Review DPPP]],5)="Sudah","DPPP",IF(LEFT(Table1[[#This Row],[Review MC-100]],5)="Sudah","MC-100",IF(LEFT(Table1[[#This Row],[Status TC]],5)="Sudah","Tes Com",IF(Table1[[#This Row],[Status Flushing]]="Sudah","Flushing",IF(Table1[[#This Row],[Total Panjang Pipa Aktual (Sum->)3]]>0,"Proses Konstruksi",IF(LEFT(Table1[[#This Row],[Review MC-0]],5)="Sudah","MC-0",IF(LEFT(Table1[[#This Row],[Review Kick Off]],5)="Sudah","Kick Off Meeting",IF(LEFT(Table1[[#This Row],[Review PCM]],5)="Sudah","PCM",IF(LEFT(Table1[[#This Row],[Status MOS]],10)="Proses MOS","Proses MOS",IF(LEFT(Table1[[#This Row],[Review PO Jasa BPM]],5)="Sudah","PO Jasa BPM",IF(LEFT(Table1[[#This Row],[Review PR Jasa BPM]],5)="Sudah","PR Jasa BPM",IF(LEFT(Table1[[#This Row],[Review PO Material BPM]],5)="Sudah","PO Material BPM",IF(LEFT(Table1[[#This Row],[Review PR Material BPM]],5)="Sudah","PR Material BPM",IF(LEFT(Table1[[#This Row],[Review PO ABJ]],5)="Sudah","PO ABJ",IF(LEFT(Table1[[#This Row],[Review PR ABJ]],5)="Sudah","PR ABJ","Persiapan"))))))))))))))) -> DPPP | R14: #N/A | S14: 1 | T14: =Table1[[#This Row],[Progres Total Aktual (%)]] -> 1 | U14: =Table1[[#This Row],[Progres Aktual (%)]]-Table1[[#This Row],[Target Progres (%)]] -> 0 | V14: =Table1[[#This Row],["Volume BA MC-0"]] -> 9 | W14: =Table1[[#This Row],[Total Panjang Pipa Aktual (Sum->)3]] -> 298.7 | Y14: Jl. Pluit Raya RT 09 / RW 07 | Z14: 811178020 | AA14: =ROUND((Table1[[#This Row],[Nilai RAB Jaringan (Exclude Ppn)]]-Table1[[#This Row],[RAB Perizinan]])*1.11+Table1[[#This Row],[RAB Perizinan]],0) -> 0 | AB14: =SUM(Table1[[#This Row],[RAB Kegiatan Umum]:[RAB Perizinan]]) -> 0 | AG14: 106581712 | AH14: =SUM(Table1[[#This Row],[Bobot Keg Umum]:[Bobot Perizinan]]) -> #DIV/0! | AI14: =Table1[[#This Row],[RAB Kegiatan Umum]]/Table1[[#This Row],[Nilai RAB Jaringan (Exclude Ppn)]] -> #DIV/0! | AJ14: =Table1[[#This Row],[RAB Pemasangan]]/Table1[[#This Row],[Nilai RAB Jaringan (Exclude Ppn)]] -> #DIV/0! | AK14: =Table1[[#This Row],[RAB Pengadaan]]/Table1[[#This Row],[Nilai RAB Jaringan (Exclude Ppn)]] -> #DIV/0! | AL14: =Table1[[#This Row],[RAB Perizinan]]/Table1[[#This Row],[Nilai RAB Jaringan (Exclude Ppn)]] -> #DIV/0! | AN14: 9 | AO14: =SUM(Table1[[#This Row],[Pipa 63 mm]:[Pipa 1,800 mm]]) -> 0 | BJ14: =SUM(Table1[[#This Row],[Pipa 63 mm2]:[Pipa 1,800 mm21]]) -> 298.7 | BK14: 298.7 | CE14: 0 | CI14: =SUM(CE14:CH14) -> 0 | CJ14: =IF((Table1[[#This Row],["Volume BA MC-0"]]-Table1[[#This Row],[Total Panjang Pipa Aktual (Sum->)3]]-Table1[[#This Row],[Total Volume tidak dapat dipasang]])>=0,Table1[[#This Row],["Volume BA MC-0"]]-Table1[[#This Row],[Total Panjang Pipa Aktual (Sum->)3]]-Table1[[#This Row],[Total Volume tidak dapat dipasang]],0) -> 0 | CP14: =IFERROR(IF(Table1[[#This Row],[Nilai RNA Update]]>0,Table1[[#This Row],[Nilai RNA Update]]/Table1[[#This Row],[Nilai RNA Update]],IF(Table1[[#This Row],[VOWD Total (Rp)]]=0,IF(LEFT(Table1[[#This Row],[Review PO Material BPM]],5)="Sudah",Table1[[#This Row],[Progres MOS]]*80%*Table1[[#This Row],[Bobot Pengadaan]],Table1[[#This Row],[Progres MOS]]*60%*Table1[[#This Row],[Bobot Pengadaan]]),Table1[[#This Row],[VOWD Total (Rp)]]/Table1[[#This Row],[Kontrol Nilai RAB Jaringan (Include Ppn)]])),0) -> 1 | CQ14: =IFERROR(Table1[[#This Row],[Progres Keg. Umum (%)]]*Table1[[#This Row],[Nilai RAB Jaringan (file pa aji)]],0) -> 0 | CR14: =IFERROR(Table1[[#This Row],[Progres MOS (%)]]*Table1[[#This Row],[Nilai RAB Jaringan (file pa aji)]],0) -> 0 | CS14: =IFERROR(Table1[[#This Row],[Progres Pemasangan (%)]]*Table1[[#This Row],[Nilai RAB Jaringan (file pa aji)]],0) -> 0 | CT14: =IFERROR(Table1[[#This Row],[Progres Perizinan (%)]]*Table1[[#This Row],[Nilai RAB Jaringan (file pa aji)]],0) -> 0 | CU14: 432875247 | CV14: 432875247 | CW14: 432875247 | CX14: =_xlfn.XLOOKUP(Table1[[#This Row],[Kode Program]],'[1]Breakdown VOWD Greenfield'!$E:$E,'[1]Breakdown VOWD Greenfield'!$AT:$AT) -> 432875247 | CZ14: 45383 | DA14: 45417 | DE14: =IF(AND(Table1[[#This Row],[PR Aktual (tanggal)]]="",Table1[[#This Row],[PLAN PR-PO ABJ finish]]>=NOW()),"Belum, OnSchedule",IF(AND(Table1[[#This Row],[PR Aktual (tanggal)]]="",Table1[[#This Row],[PLAN PR-PO ABJ finish]]<NOW()),"Belum, Delay",IF(AND(Table1[[#This Row],[PR Aktual (tanggal)]]<>"",Table1[[#This Row],[PR Aktual (tanggal)]]<=Table1[[#This Row],[PLAN PR-PO ABJ finish]]),"Sudah, OnSchedule",IF(AND(Table1[[#This Row],[PR Aktual (tanggal)]]<>"",Table1[[#This Row],[PR Aktual (tanggal)]]>Table1[[#This Row],[PLAN PR-PO ABJ finish]]),"Sudah, Delay")))) -> Belum, Delay | DI14: =IF(AND(Table1[[#This Row],[PO Aktual (tanggal)]]="",Table1[[#This Row],[PLAN PR-PO ABJ finish]]>NOW()),"Belum, OnSchedule",IF(AND(Table1[[#This Row],[PO Aktual (tanggal)]]="",Table1[[#This Row],[PLAN PR-PO ABJ finish]]<NOW()),"Belum, Delay",IF(AND(Table1[[#This Row],[PO Aktual (tanggal)]]<>"",Table1[[#This Row],[PO Aktual (tanggal)]]<Table1[[#This Row],[PLAN PR-PO ABJ finish]]),"Sudah, OnSchedule",IF(AND(Table1[[#This Row],[PO Aktual (tanggal)]]<>"",Table1[[#This Row],[PO Aktual (tanggal)]]>Table1[[#This Row],[PLAN PR-PO ABJ finish]]),"Sudah, Delay")))) -> Belum, Delay | DJ14: 45418 | DK14: 45466 | DN14: =IF(AND(Table1[[#This Row],[PR Jasa Aktual (tanggal)]]="",Table1[[#This Row],[PLAN PR-PO BPM Jasa finish]]>NOW()),"Belum, OnSchedule",IF(AND(Table1[[#This Row],[PR Jasa Aktual (tanggal)]]="",Table1[[#This Row],[PLAN PR-PO BPM Jasa finish]]<NOW()),"Belum, Delay",IF(AND(Table1[[#This Row],[PR Jasa Aktual (tanggal)]]<>"",Table1[[#This Row],[PR Jasa Aktual (tanggal)]]<=Table1[[#This Row],[PLAN PR-PO BPM Jasa finish]]),"Sudah, OnSchedule",IF(AND(Table1[[#This Row],[PR Jasa Aktual (tanggal)]]<>"",Table1[[#This Row],[PR Jasa Aktual (tanggal)]]>Table1[[#This Row],[PLAN PR-PO BPM Jasa finish]]),"Sudah, Delay")))) -> Belum, Delay | DR14: =IF(AND(Table1[[#This Row],[PO Jasa Aktual (tanggal)]]="",Table1[[#This Row],[PLAN PR-PO BPM Jasa finish]]>NOW()),"Belum, OnSchedule",IF(AND(Table1[[#This Row],[PO Jasa Aktual (tanggal)]]="",Table1[[#This Row],[PLAN PR-PO BPM Jasa finish]]<NOW()),"Belum, Delay",IF(AND(Table1[[#This Row],[PO Jasa Aktual (tanggal)]]<>"",Table1[[#This Row],[PO Jasa Aktual (tanggal)]]<Table1[[#This Row],[PLAN PR-PO BPM Jasa finish]]),"Sudah, OnSchedule",IF(AND(Table1[[#This Row],[PO Jasa Aktual (tanggal)]]<>"",Table1[[#This Row],[PO Jasa Aktual (tanggal)]]>Table1[[#This Row],[PLAN PR-PO BPM Jasa finish]]),"Sudah, Delay")))) -> Belum, Delay | DS14: 45418 | DT14: #N/A | DU14: 45466 | DV14: #N/A | EA14: =IF(AND(Table1[[#This Row],[PR Material Aktual (tanggal)]]="",Table1[[#This Row],[PLAN PR-PO BPM Material finish]]>NOW()),"Belum, OnSchedule",IF(AND(Table1[[#This Row],[PR Material Aktual (tanggal)]]="",Table1[[#This Row],[PLAN PR-PO BPM Material finish]]<NOW()),"Belum, Delay",IF(AND(Table1[[#This Row],[PR Material Aktual (tanggal)]]<>"",Table1[[#This Row],[PR Material Aktual (tanggal)]]<Table1[[#This Row],[PLAN PR-PO BPM Material finish]]),"Sudah, OnSchedule",IF(AND(Table1[[#This Row],[PR Material Aktual (tanggal)]]<>"",Table1[[#This Row],[PR Material Aktual (tanggal)]]>Table1[[#This Row],[PLAN PR-PO BPM Material finish]]),"Sudah, Delay")))) -> Belum, Delay | EF14: 1 | EG14: 1 | EH14: =IF(Table1[[#This Row],[PO Material Aktual (%)]]>=100%,"Selesai PO = 100%",IF(Table1[[#This Row],[PO Material Aktual (%)]]>=50%,"Proses PO > 100%",IF(Table1[[#This Row],[PO Material Aktual (%)]]>0%,"Proses PO > 50%",IF(Table1[[#This Row],[PO Material Aktual (%)]]=0,"Belum PO = 0%")))) -> Selesai PO = 100% | EI14: =IF(AND(Table1[[#This Row],[Tanggal Selesai PO Material]]="",Table1[[#This Row],[PLAN PR-PO BPM Material finish]]>=NOW()),"Belum, OnSchedule",IF(AND(Table1[[#This Row],[Tanggal Selesai PO Material]]="",Table1[[#This Row],[PLAN PR-PO BPM Material finish]]<NOW()),"Belum, Delay",IF(AND(Table1[[#This Row],[Tanggal Selesai PO Material]]<>"",Table1[[#This Row],[Tanggal Selesai PO Material]]<=Table1[[#This Row],[PLAN PR-PO BPM Material finish]]),"Sudah, OnSchedule",IF(AND(Table1[[#This Row],[Tanggal Selesai PO Material]]<>"",Table1[[#This Row],[Tanggal Selesai PO Material]]>Table1[[#This Row],[PLAN PR-PO BPM Material finish]]),"Sudah, Delay")))) -> Belum, Delay | EJ14: 45467 | EK14: #N/A | EL14: 45529 | EM14: #N/A | EQ14: 1 | ER14: 1 | ES14: =IF(Table1[[#This Row],[Progres MOS]]>=100%,"Selesai MOS = 100%",IF(Table1[[#This Row],[Progres MOS]]>=50%,"Proses MOS > 100%",IF(Table1[[#This Row],[Progres MOS]]>0%,"Proses MOS > 50%",IF(Table1[[#This Row],[Progres MOS]]=0,"Belum MOS = 0%")))) -> Selesai MOS = 100% | ET14: =IF(AND(Table1[[#This Row],[Tanggal Selesai MOS]]="",Table1[[#This Row],[PLAN MOS finish]]>=NOW()),"Belum, OnSchedule",IF(AND(Table1[[#This Row],[Tanggal Selesai MOS]]="",Table1[[#This Row],[PLAN MOS finish]]<NOW()),"Belum, Delay",IF(AND(Table1[[#This Row],[Tanggal Selesai MOS]]<>"",Table1[[#This Row],[Tanggal Selesai MOS]]<=Table1[[#This Row],[PLAN MOS finish]]),"Sudah, OnSchedule",IF(AND(Table1[[#This Row],[Tanggal Selesai MOS]]<>"",Table1[[#This Row],[Tanggal Selesai MOS]]>Table1[[#This Row],[PLAN MOS finish]]),"Sudah, Delay")))) -> Belum, Delay | EV14: 45418 | EW14: #N/A | EX14: 45529 | EY14: #N/A | EZ14: 10.Izin Terbit | FA14: 10.Izin Terbit | FB14: Sudah | FC14: 45427 | FD14: Sudah | FF14: 45463 | FG14: Sudah | FH14: Sudah | FI14: 45485 | FJ14: Sudah | FK14: 45546 | FL14: 10.Izin Terbit | FM14: 45427 | FN14: =IF(Table1[[#This Row],[Tanggal Pengajuan Dokumen]]="","",Table1[[#This Row],[PLAN PERMIT start]]-Table1[[#This Row],[Tanggal Pengajuan Dokumen]]) -> -9 | FO14: 45546 | FS14: =IF(COUNTIF(EZ14:FR14,"*terbit*")>=1,"Sudah Terbit","On Going") -> Sudah Terbit | FT14: =IF(ISNUMBER(SEARCH("On Going",Table1[[#This Row],[Status Perizinan]])),"On Going",IF(ISNUMBER(SEARCH("Sudah Terbit",Table1[[#This Row],[Status Perizinan]])),"Selesai",IF(NOW()<Table1[[#This Row],[PLAN PERMIT start]],"Belum",IF(AND(NOW()>=Table1[[#This Row],[PLAN PERMIT start]],NOW()<=Table1[[#This Row],[PLAN PERMIT finish]]),"On Going","Terlambat")))) -> Selesai | FU14: =IF(Table1[[#This Row],[Status Izin]]="Selesai",Table1[[#This Row],[PLAN PERMIT finish]]-Table1[[#This Row],[Tanggal Terbit/ Target Izin Terbit]],ROUNDUP(Table1[[#This Row],[PLAN PERMIT finish]]-NOW(),0)) -> -17 | FV14: =IF(Table1[[#This Row],[Tanggal Terbit/ Target Izin Terbit]]="","Delay",IF(Table1[[#This Row],[Tanggal Terbit/ Target Izin Terbit]]<Table1[[#This Row],[PLAN PERMIT start]],"Ahead",IF(AND(Table1[[#This Row],[PLAN PERMIT start]]<=Table1[[#This Row],[Tanggal Terbit/ Target Izin Terbit]],Table1[[#This Row],[PLAN PERMIT finish]]>=Table1[[#This Row],[Tanggal Terbit/ Target Izin Terbit]]),"On Schedule",IF(Table1[[#This Row],[Tanggal Terbit/ Target Izin Terbit]]>Table1[[#This Row],[PLAN PERMIT finish]],"Delay")))) -> Delay | GA14: =IF(AND(Table1[[#This Row],[Aktual DPPK]]="",Table1[[#This Row],[PLAN Penyerahan DPPK]]>NOW()),"Belum, OnSchedule",IF(AND(Table1[[#This Row],[Aktual DPPK]]="",Table1[[#This Row],[PLAN Penyerahan DPPK]]<NOW()),"Belum, Delay",IF(AND(Table1[[#This Row],[Aktual DPPK]]<>"",Table1[[#This Row],[Aktual DPPK]]<=Table1[[#This Row],[PLAN Penyerahan DPPK]]),"Sudah, OnSchedule",IF(AND(Table1[[#This Row],[Aktual DPPK]]<>"",Table1[[#This Row],[Aktual DPPK]]>Table1[[#This Row],[PLAN Penyerahan DPPK]]),"Sudah, Delay")))) -> Belum, Delay | GB14: 45503 | GC14: 45425 | GD14: =IF(AND(Table1[[#This Row],[Tanggal Aktual PCM]]="",Table1[[#This Row],[PLAN PCM]]>NOW()),"Belum, OnSchedule",IF(AND(Table1[[#This Row],[Tanggal Aktual PCM]]="",Table1[[#This Row],[PLAN PCM]]<NOW()),"Belum, Delay",IF(AND(Table1[[#This Row],[Tanggal Aktual PCM]]<>"",Table1[[#This Row],[Tanggal Aktual PCM]]<=Table1[[#This Row],[PLAN PCM]]),"Sudah, OnSchedule",IF(AND(Table1[[#This Row],[Tanggal Aktual PCM]]<>"",Table1[[#This Row],[Tanggal Aktual PCM]]>=Table1[[#This Row],[PLAN PCM]]),"Sudah, Delay")))) -> Sudah, OnSchedule | GE14: 45510 | GF14: 45425 | GG14: =IF(AND(Table1[[#This Row],[Tanggal Aktual Kick Off]]="",Table1[[#This Row],[PLAN Kick Off]]>NOW()),"Belum, OnSchedule",IF(AND(Table1[[#This Row],[Tanggal Aktual Kick Off]]="",Table1[[#This Row],[PLAN Kick Off]]<NOW()),"Belum, Delay",IF(AND(Table1[[#This Row],[Tanggal Aktual Kick Off]]<>"",Table1[[#This Row],[Tanggal Aktual Kick Off]]<=Table1[[#This Row],[PLAN Kick Off]]),"Sudah, OnSchedule",IF(AND(Table1[[#This Row],[Tanggal Aktual Kick Off]]<>"",Table1[[#This Row],[Tanggal Aktual Kick Off]]>=Table1[[#This Row],[PLAN Kick Off]]),"Sudah, Delay")))) -> Sudah, OnSchedule | GH14: 45516 | GI14: 45522 | GJ14: 45427 | GK14: =IF(AND(Table1[[#This Row],[Tanggal Aktual MC-0]]="",Table1[[#This Row],[PLAN MC-0 finish]]>NOW()),"Belum, OnSchedule",IF(AND(Table1[[#This Row],[Tanggal Aktual MC-0]]="",Table1[[#This Row],[PLAN MC-0 finish]]<NOW()),"Belum, Delay",IF(AND(Table1[[#This Row],[Tanggal Aktual MC-0]]<>"",Table1[[#This Row],[Tanggal Aktual MC-0]]<Table1[[#This Row],[PLAN MC-0 finish]]),"Sudah, OnSchedule",IF(AND(Table1[[#This Row],[Tanggal Aktual MC-0]]<>"",Table1[[#This Row],[Tanggal Aktual MC-0]]>Table1[[#This Row],[PLAN MC-0 finish]]),"Sudah, Delay")))) -> Sudah, OnSchedule | GL14: 45530 | GM14: #N/A | GN14: 45536 | GO14: #N/A | GQ14: =IF(AND(Table1[[#This Row],[Aktual Selesai Konstruksi* (tanggal)]]="",Table1[[#This Row],[PLAN KONSTRUKSI finish]]>NOW()),"Belum, OnSchedule",IF(AND(Table1[[#This Row],[Aktual Selesai Konstruksi* (tanggal)]]="",Table1[[#This Row],[PLAN KONSTRUKSI finish]]<NOW()),"Belum, Delay",IF(AND(Table1[[#This Row],[Aktual Selesai Konstruksi* (tanggal)]]<>"",Table1[[#This Row],[Aktual Selesai Konstruksi* (tanggal)]]<Table1[[#This Row],[PLAN KONSTRUKSI finish]]),"Sudah, OnSchedule",IF(AND(Table1[[#This Row],[Aktual Selesai Konstruksi* (tanggal)]]<>"",Table1[[#This Row],[Aktual Selesai Konstruksi* (tanggal)]]>Table1[[#This Row],[PLAN KONSTRUKSI finish]]),"Sudah, Delay")))) -> Belum, Delay | GR14: - | GS14: - | GT14: 45504 | GU14: =IF(Table1[[#This Row],[Hydro Tes Actual (tanggal)]]<>"","Sudah","Belum") -> Sudah | GV14: - | GW14: - | GX14: 45874 | GY14: =IF(Table1[[#This Row],[Interkoneksi Actual (tanggal)]]<>"","Sudah","Belum") -> Sudah | GZ14: - | HA14: - | HB14: 45516 | HC14: =IF(Table1[[#This Row],[Flushing Actual (tanggal)]]<>"","Sudah","Belum") -> Sudah | HD14: 45537 | HE14: #N/A | HF14: 45543 | HG14: 45525 | HH14: =IF(AND(Table1[[#This Row],[TC Aktual (tanggal)]]="",Table1[[#This Row],[PLAN TC finish]]>NOW()),"Belum, OnSchedule",IF(AND(Table1[[#This Row],[TC Aktual (tanggal)]]="",Table1[[#This Row],[PLAN TC finish]]<NOW()),"Belum, Delay",IF(AND(Table1[[#This Row],[TC Aktual (tanggal)]]<>"",Table1[[#This Row],[TC Aktual (tanggal)]]<Table1[[#This Row],[PLAN TC finish]]),"Sudah, OnSchedule",IF(AND(Table1[[#This Row],[TC Aktual (tanggal)]]<>"",Table1[[#This Row],[TC Aktual (tanggal)]]>Table1[[#This Row],[PLAN TC finish]]),"Sudah, Delay")))) -> Sudah, OnSchedule | HI14: - | HJ14: - | HM14: 45548 | HN14: 45548 | HO14: #N/A | HQ14: 45525 | HR14: =IF(AND(Table1[[#This Row],[BA MC-100 Aktual (Verifikasi)]]="",Table1[[#This Row],[PLAN MC-100 finish]]>NOW()),"Belum, OnSchedule",IF(AND(Table1[[#This Row],[BA MC-100 Aktual (Verifikasi)]]="",Table1[[#This Row],[PLAN MC-100 finish]]<NOW()),"Belum, Delay",IF(AND(Table1[[#This Row],[BA MC-100 Aktual (Verifikasi)]]<>"",Table1[[#This Row],[BA MC-100 Aktual (Verifikasi)]]<Table1[[#This Row],[PLAN MC-100 finish]]),"Sudah, OnSchedule",IF(AND(Table1[[#This Row],[BA MC-100 Aktual (Verifikasi)]]<>"",Table1[[#This Row],[BA MC-100 Aktual (Verifikasi)]]>Table1[[#This Row],[PLAN MC-100 finish]]),"Sudah, Delay")))) -> Sudah, OnSchedule | HS14: 45555 | HU14: 45555 | HW14: 45714 | HX14: =IF(AND(Table1[[#This Row],[Aktual Submit DPPP (tanggal)]]="",Table1[[#This Row],[PLAN DPPP finish]]>NOW()),"Belum, OnSchedule",IF(AND(Table1[[#This Row],[Aktual Submit DPPP (tanggal)]]="",Table1[[#This Row],[PLAN DPPP finish]]<NOW()),"Belum, Delay",IF(AND(Table1[[#This Row],[Aktual Submit DPPP (tanggal)]]<>"",Table1[[#This Row],[Aktual Submit DPPP (tanggal)]]<Table1[[#This Row],[PLAN DPPP finish]]),"Sudah, OnSchedule",IF(AND(Table1[[#This Row],[Aktual Submit DPPP (tanggal)]]<>"",Table1[[#This Row],[Aktual Submit DPPP (tanggal)]]>Table1[[#This Row],[PLAN DPPP finish]]),"Sudah, Delay")))) -> Sudah, Delay | IC14: =IFERROR(ROUND((Table1[[#This Row],[PLAN TC finish]]-Table1[[#This Row],[PLAN MC-0 start]])/30,2),"") -> 0.9 | ID14: =DATEDIF(Table1[[#This Row],[PLAN MC-0 start]],Table1[[#This Row],[PLAN TC finish]],"m") -> 0
